Rk,Player,Age,Tm,Pos,GP,G,A,PTS,+/-,PIM,PS,EV,PP,SH,GW,EV,PP,SH,S,S%,TOI,ATOI,-9999
1,Keith Acton,29,TOT,C,72,11,17,28,-19,95,0.5,9,1,1,1,17,0,0,75,14.7,,,actonke01
1,Keith Acton,29,MNS,C,46,8,11,19,-9,74,0.7,7,0,1,0,11,0,0,49,16.3,,,actonke01
1,Keith Acton,29,EDM,C,26,3,6,9,-10,21,-0.2,2,1,0,1,6,0,0,26,11.5,,,actonke01
2,Greg Adams,24,VAN,C,80,36,40,76,-24,30,5.9,24,12,0,3,24,16,0,227,15.9,,,adamsgr02
3,Greg Adams,27,WSH,LW,78,15,12,27,-3,153,1.3,12,3,0,0,8,4,0,109,13.8,,,adamsgr01
4,Jim Agnew,21,VAN,D,10,0,1,1,1,16,0.4,0,0,0,0,1,0,0,4,0.0,,,agnewji01
5,Brad Aitken,20,PIT,LW,5,1,1,2,1,0,0.1,1,0,0,0,1,0,0,4,25.0,,,aitkebr01
6,Tommy Albelin,23,QUE,D,60,3,23,26,-7,47,3.7,3,0,0,0,10,13,0,98,3.1,,,albelto01
7,Mike Allison,26,TOT,C,52,16,15,31,3,67,2.2,10,5,1,2,10,5,0,61,26.2,,,allismi01
7,Mike Allison,26,LAK,C,37,16,12,28,3,57,2.4,10,5,1,2,7,5,0,54,29.6,,,allismi01
7,Mike Allison,26,TOR,LW,15,0,3,3,0,10,-0.2,0,0,0,0,3,0,0,7,0.0,,,allismi01
8,Glenn Anderson*,27,EDM,LW,80,38,50,88,5,58,6.9,21,16,1,3,35,15,0,255,14.9,,,andergl01
9,John Anderson,30,HAR,LW,63,17,32,49,-5,20,3.5,8,9,0,3,15,17,0,149,11.4,,,anderjo01
10,Perry Anderson,26,NJD,LW,60,4,6,10,-8,222,-0.7,3,1,0,0,6,0,0,40,10.0,,,anderpe01
11,Shawn Anderson,19,BUF,D,23,1,2,3,-3,17,0.7,0,1,0,0,1,1,0,29,3.4,,,andersh01
12,Mikael Andersson,21,BUF,LW,37,3,20,23,7,10,1.2,2,0,1,1,17,1,2,34,8.8,,,andermi01
13,Dave Andreychuk*,24,BUF,LW,80,30,48,78,1,112,5.9,15,15,0,5,34,14,0,253,11.9,,,andreda01
14,Dave Archibald,18,MNS,C,78,13,20,33,-17,26,1.1,10,3,0,2,14,6,0,96,13.5,,,archida01
15,Scott Arniel,25,BUF,LW,73,17,23,40,8,61,2.5,14,0,3,2,21,1,1,111,15.3,,,arniesc01
16,Brent Ashton,27,DET,LW,73,26,27,53,10,50,4.1,17,7,2,3,18,7,2,161,16.1,,,ashtobr01
17,Warren Babe,19,MNS,LW,6,0,1,1,-1,4,-0.1,0,0,0,0,1,0,0,2,0.0,,,babewa01
18,Dave Babych,26,HAR,D,71,14,36,50,-25,54,6.7,4,10,0,2,8,27,1,233,6.0,,,babycda01
19,Joel Baillargeon,23,WIN,LW,4,0,1,1,0,12,0.0,0,0,0,0,1,0,0,3,0.0,,,bailljo01
20,Peter Bakovic,23,VAN,RW,10,2,0,2,-1,48,0.0,2,0,0,0,0,0,0,7,28.6,,,bakovpe01
21,Dave Barr,27,DET,RW,51,14,26,40,20,58,3.2,10,3,1,0,21,4,1,64,21.9,,,barrda01
22,John Barrett,29,MNS,D,1,0,1,1,-3,2,-0.1,0,0,0,0,1,0,0,0,,,,barrejo01
23,Bob Bassen,22,NYI,C,77,6,16,22,8,99,0.2,5,1,0,2,15,1,0,65,9.2,,,bassebo01
24,Ken Baumgartner,21,LAK,D,30,2,3,5,5,189,1.4,2,0,0,0,3,0,0,17,11.8,,,baumgke01
25,Yves Beaudoin,23,WSH,D,1,0,0,0,-1,0,0.0,0,0,0,0,0,0,0,0,,,,beaudyv01
26,Bruce Bell,22,NYR,D,13,1,2,3,-10,8,0.2,1,0,0,1,0,2,0,12,8.3,,,bellbr01
27,Brian Bellows,23,MNS,LW,77,40,41,81,-8,81,6.9,18,21,1,4,24,16,1,283,14.1,,,bellobr01
28,Brian Benning,21,STL,D,77,8,29,37,-5,107,5.5,3,5,0,5,15,13,1,130,6.2,,,bennibr01
29,Jim Benning,24,VAN,D,77,7,26,33,0,58,5.3,5,1,1,1,13,12,1,102,6.9,,,benniji01
30,Paul Beraldo,20,BOS,RW,3,0,0,0,-3,0,-0.2,0,0,0,0,0,0,0,1,0.0,,,beralpa01
31,Perry Berezan,23,CGY,C,29,7,12,19,11,66,1.3,5,0,2,1,11,0,1,69,10.1,,,berezpe01
32,Mike Berger,20,MNS,D,29,3,1,4,-19,65,0.3,0,3,0,0,1,0,0,41,7.3,,,bergemi02
33,Marc Bergevin,22,CHI,D,58,1,6,7,-19,85,1.0,1,0,0,0,5,1,0,51,2.0,,,bergema01
34,Brad Berry,22,WIN,D,48,0,6,6,-11,75,1.4,0,0,0,0,5,0,1,31,0.0,,,berrybr01
35,Ken Berry,27,VAN,RW,14,2,3,5,-1,6,0.2,1,1,0,0,3,0,0,26,7.7,,,berryke01
36,Craig Berube,22,PHI,LW,27,3,2,5,1,108,-0.1,3,0,0,2,2,0,0,13,23.1,,,berubcr01
37,Jeff Beukeboom,22,EDM,D,73,5,20,25,27,201,4.7,4,1,0,1,13,6,1,76,6.6,,,beukeje01
38,Scott Bjugstad,26,MNS,LW,33,10,12,22,2,15,1.6,7,3,0,3,8,4,0,72,13.9,,,bjugssc01
39,Mike Blaisdell,28,TOR,RW,18,3,2,5,-5,2,0.0,3,0,0,1,2,0,0,32,9.4,,,blaismi01
40,John Blum,28,BOS,D,19,0,1,1,-5,70,0.5,0,0,0,0,1,0,0,6,0.0,,,blumjo01
41,Bob Bodak,26,CGY,LW,3,0,0,0,-2,22,-0.2,0,0,0,0,0,0,0,0,,,,bodakbo01
42,Doug Bodger,21,PIT,D,69,14,31,45,-4,103,5.5,1,13,0,1,11,20,0,184,7.6,,,bodgedo01
43,Rick Boh,23,MNS,C,8,2,1,3,1,4,0.2,2,0,0,0,1,0,0,8,25.0,,,bohri01
44,Serge Boisvert,28,MTL,RW,5,1,1,2,0,2,0.1,1,0,0,0,1,0,0,5,20.0,,,boisvse01
45,Laurie Boschman,27,WIN,C,80,25,23,48,-24,229,2.8,14,10,1,3,13,10,0,166,15.1,,,boschla01
46,Tim Bothwell,32,STL,D,78,6,13,19,6,76,4.7,6,0,0,1,13,0,0,88,6.8,,,bothwti01
47,Charlie Bourgeois,28,TOT,D,31,0,1,1,-3,78,0.9,0,0,0,0,1,0,0,9,0.0,,,bourgch01
47,Charlie Bourgeois,28,STL,D,30,0,1,1,-2,78,0.9,0,0,0,0,1,0,0,9,0.0,,,bourgch01
47,Charlie Bourgeois,28,HAR,D,1,0,0,0,-1,0,0.0,0,0,0,0,0,0,0,0,,,,bourgch01
48,Bob Bourne,33,LAK,C,72,7,11,18,-31,28,-0.8,6,1,0,1,6,3,2,75,9.3,,,bournbo01
49,Phil Bourque,25,PIT,D,21,4,12,16,3,20,2.1,2,2,0,1,4,8,0,56,7.1,,,bourqph01
50,Ray Bourque*,27,BOS,D,78,17,64,81,34,72,11.7,9,7,1,5,37,27,0,344,4.9,,,bourqra01
51,Paul Boutilier,24,TOT,D,10,0,1,1,-3,12,0.2,0,0,0,0,0,1,0,9,0.0,,,boutipa01
51,Paul Boutilier,24,WIN,D,6,0,0,0,-2,6,0.1,0,0,0,0,0,0,0,6,0.0,,,boutipa01
51,Paul Boutilier,24,NYR,D,4,0,1,1,-1,6,0.2,0,0,0,0,0,1,0,3,0.0,,,boutipa01
52,Randy Boyd,26,VAN,D,60,7,16,23,-9,64,3.6,5,2,0,1,9,7,0,85,8.2,,,boydra01
53,Steve Bozek,27,TOT,LW,33,3,7,10,-5,14,-0.2,2,0,1,0,7,0,0,43,7.0,,,bozekst01
53,Steve Bozek,27,CGY,LW,26,3,7,10,-3,12,0.0,2,0,1,0,7,0,0,37,8.1,,,bozekst01
53,Steve Bozek,27,STL,LW,7,0,0,0,-2,2,-0.2,0,0,0,0,0,0,0,6,0.0,,,bozekst01
54,Brian Bradley,23,VAN,C,11,3,5,8,-3,6,0.5,3,0,0,0,1,4,0,26,11.5,,,bradlbr01
55,Andy Brickley,26,NJD,LW,45,8,14,22,1,14,1.1,5,2,1,3,11,2,1,61,13.1,,,brickan01
56,Mel Bridgman,32,DET,LW,57,6,11,17,4,42,0.2,6,0,0,1,11,0,0,40,15.0,,,bridgme01
57,Bob Brooke,27,MNS,RW,77,5,20,25,-6,108,0.3,3,1,1,1,11,8,1,127,3.9,,,brookbo01
58,Aaron Broten,27,NJD,LW,80,26,57,83,20,80,6.6,17,7,2,4,32,24,1,180,14.4,,,broteaa01
59,Neal Broten,28,MNS,C,54,9,30,39,-23,32,1.7,4,4,1,0,14,16,0,121,7.4,,,brotene01
60,Dave Brown,25,PHI,RW,47,12,5,17,10,114,1.2,12,0,0,4,5,0,0,41,29.3,,,brownda01
61,Doug Brown,23,NJD,RW,70,14,11,25,7,20,1.3,9,1,4,2,9,1,1,112,12.5,,,browndo01
62,Jeff Brown,21,QUE,D,78,16,36,52,-25,64,6.1,7,9,0,4,11,24,1,208,7.7,,,brownje02
63,Keith Brown,27,CHI,D,24,3,6,9,5,45,1.8,3,0,0,1,4,2,0,39,7.7,,,brownke02
64,Rob Brown,19,PIT,RW,51,24,20,44,8,56,3.9,11,13,0,1,18,2,0,80,30.0,,,brownro01
65,Jeff Brubaker,29,NYR,LW,31,2,0,2,0,78,-0.4,2,0,0,0,0,0,0,9,22.2,,,brubaje01
66,David Bruce,23,VAN,RW,28,7,3,10,-6,57,0.5,6,1,0,0,2,1,0,46,15.2,,,bruceda01
67,Murray Brumwell,27,NJD,D,3,0,1,1,0,2,0.2,0,0,0,0,1,0,0,4,0.0,,,brumwmu01
68,Kelly Buchberger,21,EDM,LW,19,1,0,1,-1,81,-0.5,1,0,0,0,0,0,0,10,10.0,,,buchbke01
69,Randy Bucyk,25,CGY,C,2,0,0,0,-1,0,-0.1,0,0,0,0,0,0,0,2,0.0,,,bucykra01
70,Mike Bullard,26,CGY,C,79,48,55,103,25,68,9.3,27,21,0,3,29,26,0,230,20.9,,,bullami01
71,Shawn Burr,21,DET,C,78,17,23,40,7,97,2.3,9,5,3,3,19,2,2,124,13.7,,,burrsh01
72,Randy Burridge,22,BOS,LW,79,27,28,55,0,105,4.0,19,5,3,3,20,7,1,159,17.0,,,burrira01
73,Rod Buskas,27,PIT,D,76,4,8,12,6,206,3.0,4,0,0,1,7,1,0,53,7.5,,,buskaro01
74,Garth Butcher,25,VAN,D,80,6,17,23,-14,285,3.8,5,1,0,0,8,7,2,77,7.8,,,butchga01
75,Lyndon Byers,23,BOS,RW,53,10,14,24,10,236,1.4,10,0,0,2,14,0,0,69,14.5,,,byersly01
76,Jock Callander,26,PIT,RW,41,11,16,27,-13,45,1.3,7,4,0,1,9,7,0,59,18.6,,,callajo01
77,Wade Campbell,27,BOS,D,6,0,1,1,1,21,0.3,0,0,0,0,1,0,0,3,0.0,,,campbwa01
78,Guy Carbonneau*,27,MTL,C,80,17,21,38,14,61,2.4,14,0,3,1,19,0,2,109,15.6,,,carbogu01
79,Terry Carkner,21,QUE,D,63,3,24,27,-8,159,3.8,1,2,0,1,8,16,0,54,5.6,,,carknte01
80,Anders Carlsson,27,NJD,C,9,1,0,1,-5,0,-0.2,1,0,0,0,0,0,0,6,16.7,,,carlsan01
81,Randy Carlyle,31,WIN,D,78,15,44,59,-20,210,6.8,7,8,0,1,12,30,2,165,9.1,,,carlyra01
82,Bobby Carpenter,24,LAK,LW,71,19,33,52,-21,84,2.9,9,10,0,2,20,11,2,176,10.8,,,carpebo01
83,Jimmy Carson,19,LAK,C,80,55,52,107,-19,45,9.4,33,22,0,7,26,26,0,264,20.8,,,carsoji01
84,Lindsay Carson,27,TOT,LW,63,7,11,18,-4,67,0.3,5,1,1,1,9,2,0,73,9.6,,,carsoli01
84,Lindsay Carson,27,PHI,C,36,2,7,9,-4,37,-0.2,2,0,0,0,5,2,0,34,5.9,,,carsoli01
84,Lindsay Carson,27,HAR,LW,27,5,4,9,0,30,0.5,3,1,1,1,4,0,0,39,12.8,,,carsoli01
85,John Carter,24,BOS,LW,4,0,1,1,3,2,0.1,0,0,0,0,1,0,0,8,0.0,,,cartejo01
86,Bruce Cassidy,22,CHI,D,21,3,10,13,-3,6,1.5,1,2,0,0,5,5,0,46,6.5,,,cassibr01
87,Jay Caufield,27,MNS,D,1,0,0,0,0,0,0.0,0,0,0,0,0,0,0,0,,,,caufija01
88,Gino Cavallini,25,STL,LW,64,15,17,32,-4,62,1.8,12,2,1,3,15,2,0,131,11.5,,,cavalgi01
89,Paul Cavallini,22,TOT,D,72,6,10,16,7,152,4.6,5,1,0,1,10,0,0,71,8.5,,,cavalpa01
89,Paul Cavallini,22,STL,D,48,4,7,11,7,86,3.0,3,1,0,0,7,0,0,53,7.5,,,cavalpa01
89,Paul Cavallini,22,WSH,D,24,2,3,5,0,66,1.5,2,0,0,1,3,0,0,18,11.1,,,cavalpa01
90,John Chabot,25,DET,C,78,13,44,57,12,10,3.4,11,0,2,0,32,8,4,83,15.7,,,chabojo01
91,Shawn Chambers,21,MNS,D,19,1,7,8,-6,21,0.9,0,1,0,0,5,2,0,28,3.6,,,chambsh01
92,José Charbonneau,21,MTL,RW,16,0,2,2,1,6,-0.2,0,0,0,0,2,0,0,22,0.0,,,charbjo01
93,Todd Charlesworth,22,PIT,D,6,2,0,2,0,2,0.4,2,0,0,0,0,0,0,4,50.0,,,charlto01
94,Chris Chelios*,26,MTL,D,71,20,41,61,14,172,9.0,9,10,1,5,26,14,1,199,10.1,,,chelich01
95,Rich Chernomaz,24,CGY,RW,2,1,0,1,1,0,0.1,1,0,0,0,0,0,0,5,20.0,,,chernri01
96,Steve Chiasson,20,DET,D,29,2,9,11,15,57,2.5,2,0,0,0,6,2,1,45,4.4,,,chiasst01
97,Dave Christian,28,WSH,RW,80,37,21,58,-14,26,4.8,23,14,0,5,12,9,0,187,19.8,,,chrisda01
98,Shane Churla,22,TOT,RW,31,1,5,6,1,146,-0.4,1,0,0,0,5,0,0,15,6.7,,,churlsh01
98,Shane Churla,22,CGY,RW,29,1,5,6,2,132,-0.4,1,0,0,0,5,0,0,15,6.7,,,churlsh01
98,Shane Churla,22,HAR,RW,2,0,0,0,-1,14,-0.1,0,0,0,0,0,0,0,0,,,,churlsh01
99,Jeff Chychrun,21,PHI,D,3,0,0,0,-1,4,0.0,0,0,0,0,0,0,0,1,0.0,,,chychje01
100,Dino Ciccarelli*,27,MNS,RW,67,41,45,86,-29,79,7.0,27,13,1,2,23,21,1,262,15.6,,,ciccadi01
101,Chris Cichocki,24,NJD,RW,5,1,0,1,1,2,0.1,1,0,0,0,0,0,0,2,50.0,,,cichoch01
102,Joe Cirella,24,NJD,D,80,8,31,39,15,191,6.7,6,2,0,2,17,12,2,135,5.9,,,cireljo01
103,Wendel Clark,21,TOR,LW,28,12,11,23,-13,80,1.5,8,4,0,1,7,4,0,93,12.9,,,clarkwe01
104,Glen Cochrane,30,CHI,D,73,1,8,9,-7,204,2.2,1,0,0,0,8,0,0,21,4.8,,,cochrgl01
105,Paul Coffey*,26,PIT,D,46,15,52,67,-1,93,6.9,7,6,2,2,14,36,2,193,7.8,,,coffepa01
106,Pat Conacher,28,NJD,C,24,2,5,7,8,12,0.3,2,0,0,0,5,0,0,22,9.1,,,conacpa01
107,Yvon Corriveau,20,WSH,LW,44,10,9,19,17,84,1.6,10,0,0,1,9,0,0,52,19.2,,,corriyv01
108,Shayne Corson,21,MTL,C,71,12,27,39,22,152,2.6,10,2,0,2,25,2,0,90,13.3,,,corsosh01
109,Alain Côté,30,QUE,RW,76,4,18,22,3,26,0.2,4,0,0,0,15,1,2,84,4.8,,,coteal01
110,Alain Côté,20,BOS,D,2,0,0,0,-1,0,0.0,0,0,0,0,0,0,0,1,0.0,,,coteal02
111,Sylvain Côté,22,HAR,D,67,7,21,28,-8,30,5.3,6,0,1,0,13,5,3,142,4.9,,,cotesy01
112,Neal Coulter,25,NYI,RW,1,0,0,0,-1,0,-0.1,0,0,0,0,0,0,0,0,,,,coultne01
113,Geoff Courtnall,25,TOT,LW,74,36,30,66,25,123,6.2,28,8,0,5,23,7,0,252,14.3,,,courtge01
113,Geoff Courtnall,25,BOS,LW,62,32,26,58,24,108,5.7,24,8,0,4,19,7,0,220,14.5,,,courtge01
113,Geoff Courtnall,25,EDM,LW,12,4,4,8,1,15,0.5,4,0,0,1,4,0,0,32,12.5,,,courtge01
114,Russ Courtnall,22,TOR,C,65,23,26,49,-16,47,3.2,14,6,3,1,16,10,0,212,10.8,,,courtru01
115,Craig Coxe,24,TOT,C,71,7,15,22,2,218,0.5,6,1,0,1,14,1,0,48,14.6,,,coxecr01
115,Craig Coxe,24,VAN,C,64,5,12,17,-1,186,0.1,4,1,0,1,11,1,0,43,11.6,,,coxecr01
115,Craig Coxe,24,CGY,C,7,2,3,5,3,32,0.4,2,0,0,0,3,0,0,5,40.0,,,coxecr01
116,Murray Craven,23,PHI,LW,72,30,46,76,25,58,6.6,22,6,2,2,26,17,3,184,16.3,,,cravemu01
117,Adam Creighton,22,BUF,C,36,10,17,27,7,87,2.0,6,4,0,1,15,2,0,61,16.4,,,creigad01
118,Doug Crossman,27,PHI,D,76,9,29,38,-1,43,5.5,3,6,0,0,17,11,1,153,5.9,,,crossdo01
119,Keith Crowder,29,BOS,RW,68,17,26,43,14,173,3.1,11,6,0,3,19,7,0,123,13.8,,,crowdke01
120,Randy Cunneyworth,26,PIT,LW,71,35,39,74,13,141,6.5,21,14,0,6,23,15,1,229,15.3,,,cunnera01
121,Brian Curran,24,TOT,D,29,0,2,2,-6,87,0.5,0,0,0,0,2,0,0,13,0.0,,,currabr01
121,Brian Curran,24,NYI,D,22,0,1,1,-9,68,0.1,0,0,0,0,1,0,0,12,0.0,,,currabr01
121,Brian Curran,24,TOR,D,7,0,1,1,3,19,0.4,0,0,0,0,1,0,0,1,0.0,,,currabr01
122,Glen Currie,29,LAK,C,7,0,0,0,-2,0,-0.2,0,0,0,0,0,0,0,3,0.0,,,currigl01
123,Paul Cyr,24,TOT,LW,60,5,14,19,-7,79,0.1,2,1,2,1,12,2,0,92,5.4,,,cyrpa01
123,Paul Cyr,24,NYR,LW,40,4,13,17,-5,41,0.4,2,1,1,0,11,2,0,72,5.6,,,cyrpa01
123,Paul Cyr,24,BUF,LW,20,1,1,2,-2,38,-0.4,0,0,1,1,1,0,0,20,5.0,,,cyrpa01
124,Ulf Dahlén,21,NYR,RW,70,29,23,52,5,26,4.3,18,11,0,4,15,8,0,159,18.2,,,dahleul01
125,Kjell Dahlin,24,MTL,RW,48,13,12,25,5,6,1.7,11,2,0,2,9,3,0,51,25.5,,,dahlikj01
126,Chris Dahlquist,25,PIT,D,44,3,6,9,3,69,1.9,3,0,0,0,5,1,0,35,8.6,,,dahlqch01
127,J.J. Daigneault,22,PHI,D,28,2,2,4,-8,12,0.8,0,2,0,0,2,0,0,20,10.0,,,daignjj01
128,Brad Dalgarno,20,NYI,RW,38,2,8,10,4,58,-0.1,2,0,0,1,7,1,0,39,5.1,,,dalgabr01
129,Marty Dallman,24,TOR,RW,2,0,1,1,1,0,0.1,0,0,0,0,1,0,0,1,0.0,,,dallmma01
130,Rod Dallman,21,NYI,LW,3,1,0,1,1,6,0.1,1,0,0,0,0,0,0,2,50.0,,,dallmro01
131,Vincent Damphousse,20,TOR,LW,75,12,36,48,2,40,2.5,11,1,0,2,30,6,0,111,10.8,,,damphvi01
132,Ken Daneyko,23,NJD,D,80,5,7,12,-3,239,3.5,4,1,0,0,6,0,1,82,6.1,,,daneyke01
133,Dan Daoust,27,TOR,C,67,9,8,17,-7,57,0.0,9,0,0,1,8,0,0,57,15.8,,,daousda01
134,Michael Dark,24,STL,RW,30,3,6,9,6,12,0.3,3,0,0,1,6,0,0,27,11.1,,,darkmi01
135,Lucien DeBlois,30,NYR,C,74,9,21,30,-3,103,1.0,7,2,0,0,18,3,0,99,9.1,,,deblolu01
136,Dale DeGray,24,TOR,D,56,6,18,24,4,63,3.6,5,1,0,1,6,10,2,122,4.9,,,degrada01
137,Gilbert Delorme,25,DET,D,55,2,8,10,9,81,2.7,2,0,0,0,7,0,1,46,4.3,,,delorgi01
138,Larry DePalma,22,MNS,LW,7,1,1,2,-2,15,0.0,1,0,0,0,1,0,0,8,12.5,,,depalla01
139,Gerald Diduck,22,NYI,D,68,7,12,19,22,113,4.9,3,4,0,1,8,4,0,128,5.5,,,diducge01
140,Gord Dineen,25,TOT,D,70,5,13,18,4,83,3.8,4,1,0,0,11,2,0,56,8.9,,,dineego01
140,Gord Dineen,25,NYI,D,57,4,12,16,9,62,3.4,3,1,0,0,10,2,0,50,8.0,,,dineego01
140,Gord Dineen,25,MNS,D,13,1,1,2,-5,21,0.3,1,0,0,0,1,0,0,6,16.7,,,dineego01
141,Kevin Dineen,24,HAR,RW,74,25,25,50,-14,217,3.7,20,5,0,4,13,11,1,223,11.2,,,dineeke01
142,Marcel Dionne*,36,NYR,C,67,31,34,65,-14,54,4.9,9,22,0,4,12,22,0,184,16.8,,,dionnma01
143,Robert Dirk,21,STL,D,7,0,1,1,0,16,0.3,0,0,0,0,1,0,0,2,0.0,,,dirkro01
144,Brian Dobbin,21,PHI,RW,21,3,5,8,-1,6,0.2,3,0,0,1,3,2,0,15,20.0,,,dobbibr01
145,Bobby Dollas,23,QUE,D,9,0,0,0,-4,2,0.1,0,0,0,0,0,0,0,5,0.0,,,dollabo01
146,Dave Donnelly,25,EDM,C,4,0,0,0,0,4,-0.1,0,0,0,0,0,0,0,3,0.0,,,donneda01
147,Gord Donnelly,25,QUE,RW,63,4,3,7,-16,301,-1.1,3,1,0,0,2,1,0,46,8.7,,,donnego01
148,Mike Donnelly,24,TOT,LW,57,8,10,18,-6,52,0.3,8,0,0,0,8,2,0,99,8.1,,,donnemi01
148,Mike Donnelly,24,BUF,LW,40,6,8,14,-1,44,0.4,6,0,0,0,6,2,0,69,8.7,,,donnemi01
148,Mike Donnelly,24,NYR,LW,17,2,2,4,-5,8,-0.1,2,0,0,0,2,0,0,30,6.7,,,donnemi01
149,Dan Dorion,24,NJD,RW,1,0,0,0,0,2,0.0,0,0,0,0,0,0,0,0,,,,dorioda01
150,Peter Douris,21,WIN,RW,4,0,2,2,-1,0,0.0,0,0,0,0,2,0,0,2,0.0,,,douripe01
151,Bruce Driver,25,NJD,D,74,15,40,55,7,68,7.8,8,7,0,0,13,27,0,190,7.9,,,drivebr01
152,Gaétan Duchesne,25,QUE,LW,80,24,23,47,8,83,3.5,19,4,1,2,18,4,1,138,17.4,,,duchega01
153,Steve Duchesne,22,LAK,D,71,16,39,55,0,109,6.6,11,5,0,4,26,13,0,190,8.4,,,duchest01
154,Ken Duggan,24,MNS,D,1,0,0,0,0,0,0.0,0,0,0,0,0,0,0,0,,,,duggake01
155,Ron Duguay,30,TOT,C,63,6,10,16,-14,40,-0.3,4,0,2,1,8,2,0,80,7.5,,,duguaro01
155,Ron Duguay,30,NYR,RW,48,4,4,8,-9,23,-0.5,2,0,2,0,3,1,0,59,6.8,,,duguaro01
155,Ron Duguay,30,LAK,C,15,2,6,8,-5,17,0.2,2,0,0,1,5,1,0,21,9.5,,,duguaro01
156,Iain Duncan,24,WIN,LW,62,19,23,42,-2,73,3.0,15,4,0,4,18,5,0,104,18.3,,,duncaia01
157,Craig Duncanson,20,LAK,LW,9,0,0,0,-5,12,-0.4,0,0,0,0,0,0,0,8,0.0,,,duncacr01
158,Richie Dunn,30,BUF,D,12,2,0,2,-7,8,0.2,2,0,0,0,0,0,0,19,10.5,,,dunnri01
159,Steve Dykstra,25,TOT,D,42,3,4,7,1,130,1.7,3,0,0,0,4,0,0,26,11.5,,,dykstst01
159,Steve Dykstra,25,BUF,D,27,1,1,2,0,91,0.9,1,0,0,0,1,0,0,11,9.1,,,dykstst01
159,Steve Dykstra,25,EDM,D,15,2,3,5,1,39,0.8,2,0,0,0,3,0,0,15,13.3,,,dykstst01
160,Mike Eagles,24,QUE,LW,76,10,10,20,-18,74,-0.1,7,1,2,2,10,0,0,89,11.2,,,eaglemi01
161,Murray Eaves,27,DET,C,7,0,1,1,-1,2,-0.1,0,0,0,0,1,0,0,4,0.0,,,eavesmu01
162,Pelle Eklund,24,PHI,C,71,10,32,42,-6,12,1.8,8,2,0,2,15,17,0,101,9.9,,,eklunpe01
163,Dave Ellett,23,WIN,D,68,13,45,58,-8,106,7.0,8,5,0,1,12,31,2,198,6.6,,,elletda01
164,Pat Elynuik,20,WIN,RW,13,1,3,4,2,12,0.1,1,0,0,0,3,0,0,12,8.3,,,elynupa01
165,John English,21,LAK,D,3,1,3,4,2,4,0.5,0,1,0,0,2,1,0,5,20.0,,,englijo01
166,Jim Ennis,20,EDM,D,5,1,0,1,0,10,0.2,0,1,0,0,0,0,0,9,11.1,,,ennisji01
167,Bryan Erickson,27,TOT,RW,53,7,19,26,-12,20,0.7,5,2,0,0,13,6,0,81,8.6,,,erickbr01
167,Bryan Erickson,27,LAK,RW,42,6,15,21,-14,20,0.5,4,2,0,0,9,6,0,68,8.8,,,erickbr01
167,Bryan Erickson,27,PIT,RW,11,1,4,5,2,0,0.2,1,0,0,0,4,0,0,13,7.7,,,erickbr01
168,Jan Erixon,25,NYR,RW,70,7,19,26,3,33,0.8,6,0,1,0,17,0,2,99,7.1,,,erixoja01
169,Bob Errey,23,PIT,LW,17,3,6,9,6,18,0.6,3,0,0,0,5,0,1,18,16.7,,,erreybo01
170,Doug Evans,24,STL,LW,41,5,7,12,-7,49,0.1,5,0,0,1,7,0,0,32,15.6,,,evansdo01
171,Dean Evason,23,HAR,C,77,10,18,28,-29,115,0.5,4,6,0,0,13,4,1,126,7.9,,,evasode01
172,Todd Ewen,21,STL,RW,64,4,2,6,-5,227,-0.9,4,0,0,0,2,0,0,38,10.5,,,ewento01
173,Ted Fauss,26,TOR,D,13,0,1,1,6,4,0.7,0,0,0,0,1,0,0,2,0.0,,,fausste01
174,Bernie Federko*,31,STL,C,79,20,69,89,-12,52,5.7,11,9,0,2,35,34,0,119,16.8,,,federbe01
175,Brent Fedyk,20,DET,RW,2,0,1,1,-1,2,0.0,0,0,0,0,1,0,0,2,0.0,,,fedykbr01
176,Paul Fenton,28,LAK,LW,71,20,23,43,-14,46,2.5,11,8,1,1,18,4,1,166,12.0,,,fentopa01
177,David Fenyves,27,PHI,D,5,0,0,0,-1,0,0.1,0,0,0,0,0,0,0,3,0.0,,,fenyvda01
178,Tom Fergus,25,TOR,C,63,19,31,50,5,81,3.6,14,5,0,0,30,1,0,124,15.3,,,ferguto01
179,Ray Ferraro,23,HAR,C,68,21,29,50,1,81,3.9,15,6,0,2,17,12,0,105,20.0,,,ferrara01
180,Jeff Finley,20,NYI,D,10,0,5,5,5,15,0.9,0,0,0,0,3,2,0,9,0.0,,,finleje01
181,Steven Finn,21,QUE,D,75,3,7,10,-4,198,3.3,2,1,0,0,6,1,0,70,4.3,,,finnst01
182,Patrick Flatley,24,NYI,RW,40,9,15,24,7,28,1.5,3,5,1,0,11,4,0,83,10.8,,,flatlpa01
183,Todd Flichel,23,WIN,D,2,0,0,0,-4,2,-0.2,0,0,0,0,0,0,0,1,0.0,,,flichto01
184,Ron Flockhart,27,STL,LW,21,5,4,9,5,4,0.7,5,0,0,1,4,0,0,27,18.5,,,flockro02
185,Mike Foligno,29,BUF,RW,74,29,28,57,-11,220,4.1,19,10,0,7,18,10,0,159,18.2,,,foligmi01
186,Marc Fortier,21,QUE,C,27,4,10,14,-17,12,0.2,1,3,0,1,6,4,0,40,10.0,,,fortima01
187,Nick Fotiu,35,PHI,LW,23,0,0,0,-9,40,-0.8,0,0,0,0,0,0,0,9,0.0,,,fotiuni01
188,Jim Fox,27,LAK,RW,68,16,35,51,-7,18,3.0,14,2,0,1,24,11,0,120,13.3,,,foxji01
189,Lou Franceschetti,29,WSH,RW,59,4,8,12,2,113,-0.1,3,1,0,1,8,0,0,53,7.5,,,franclo01
190,Ron Francis*,24,HAR,C,80,25,50,75,-8,87,5.6,13,11,1,3,25,25,0,172,14.5,,,francro01
191,Curt Fraser,30,TOT,LW,37,5,7,12,-20,77,-0.2,4,1,0,1,6,1,0,72,6.9,,,frasecu01
191,Curt Fraser,30,CHI,LW,27,4,6,10,-13,57,0.0,3,1,0,1,5,1,0,51,7.8,,,frasecu01
191,Curt Fraser,30,MNS,LW,10,1,1,2,-7,20,-0.2,1,0,0,0,1,0,0,21,4.8,,,frasecu01
192,Dan Frawley,25,PIT,RW,47,6,8,14,0,152,0.2,3,1,2,1,8,0,0,66,9.1,,,frawlda01
193,Mark Freer,19,PHI,C,1,0,0,0,-2,0,-0.1,0,0,0,0,0,0,0,0,,,,freerma01
194,Miroslav Fryčer,28,TOR,RW,38,12,20,32,8,41,2.5,11,1,0,2,19,1,0,76,15.8,,,frycemi01
195,Jody Gage,28,BUF,RW,2,0,0,0,-2,0,-0.1,0,0,0,0,0,0,0,1,0.0,,,gagejo01
196,Dave Gagner,23,MNS,RW,51,8,11,19,-14,55,0.4,6,0,2,0,8,3,0,87,9.2,,,gagneda01
197,Bob Gainey*,34,MTL,LW,78,11,11,22,8,14,0.7,11,0,0,1,11,0,0,101,10.9,,,gainebo01
198,Gerard Gallant,24,DET,LW,73,34,39,73,24,242,6.6,24,10,0,3,30,9,0,197,17.3,,,gallage01
199,Garry Galley,24,WSH,D,58,7,23,30,11,44,5.7,4,3,0,0,7,16,0,100,7.0,,,gallega01
200,Perry Ganchar,24,TOT,RW,31,3,5,8,-1,36,-0.1,3,0,0,0,5,0,0,35,8.6,,,ganchpe01
200,Perry Ganchar,24,PIT,RW,30,2,5,7,0,36,-0.2,2,0,0,0,5,0,0,34,5.9,,,ganchpe01
200,Perry Ganchar,24,MTL,RW,1,1,0,1,-1,0,0.1,1,0,0,0,0,0,0,1,100.0,,,ganchpe01
201,Bill Gardner,27,CHI,C,2,1,0,1,-1,2,0.1,0,1,0,0,0,0,0,1,100.0,,,gardnbi01
202,Mike Gartner*,28,WSH,RW,80,48,33,81,20,73,8.3,29,19,0,7,18,13,2,316,15.2,,,gartnmi01
203,Stew Gavin,27,HAR,RW,56,11,10,21,-17,59,0.8,6,2,3,1,7,2,1,125,8.8,,,gavinst01
204,Eric Germain,21,LAK,D,4,0,1,1,-2,13,0.0,0,0,0,0,1,0,0,2,0.0,,,germaer01
205,Lee Giffin,20,PIT,RW,19,0,2,2,-2,9,-0.4,0,0,0,0,2,0,0,8,0.0,,,giffile01
206,Greg Gilbert,26,NYI,LW,76,17,28,45,14,46,2.9,15,1,1,0,27,1,0,77,22.1,,,gilbegr01
207,Curt Giles,29,TOT,D,72,1,12,13,-33,76,1.4,1,0,0,0,7,5,0,72,1.4,,,gilescu01
207,Curt Giles,29,MNS,D,59,1,12,13,-28,66,1.2,1,0,0,0,7,5,0,60,1.7,,,gilescu01
207,Curt Giles,29,NYR,D,13,0,0,0,-5,10,0.2,0,0,0,0,0,0,0,12,0.0,,,gilescu01
208,Randy Gilhen,24,WIN,C,13,3,2,5,5,15,0.4,2,0,1,0,2,0,0,21,14.3,,,gilhera01
209,Todd Gill,22,TOR,D,65,8,17,25,-20,131,2.7,7,1,0,3,14,3,0,109,7.3,,,gillto01
210,Clark Gillies*,33,BUF,LW,25,5,2,7,1,51,0.3,5,0,0,1,2,0,0,23,21.7,,,gillicl01
211,Paul Gillis,24,QUE,C,80,7,10,17,-29,164,-0.9,6,1,0,0,7,2,1,82,8.5,,,gillipa01
212,Doug Gilmour*,24,STL,C,72,36,50,86,-13,59,6.8,15,19,2,4,24,25,1,163,22.1,,,gilmodo01
213,Gaston Gingras,28,TOT,D,70,7,23,30,1,20,5.0,4,3,0,0,14,9,0,133,5.3,,,gingrga01
213,Gaston Gingras,28,STL,D,68,7,22,29,0,18,4.8,4,3,0,0,13,9,0,131,5.3,,,gingrga01
213,Gaston Gingras,28,MTL,D,2,0,1,1,1,2,0.2,0,0,0,0,1,0,0,2,0.0,,,gingrga01
214,Brian Glynn,20,CGY,D,67,5,14,19,-2,87,2.3,1,4,0,1,7,6,1,84,6.0,,,glynnbr01
215,Dave Goertz,22,PIT,D,2,0,0,0,-1,2,0.0,0,0,0,0,0,0,0,2,0.0,,,goertda01
216,Guy Gosselin,24,WIN,D,5,0,0,0,-1,6,0.1,0,0,0,0,0,0,0,1,0.0,,,gossegu01
217,Steve Gotaas,20,PIT,C,36,5,6,11,-11,45,-0.1,5,0,0,1,6,0,0,27,18.5,,,gotaast01
218,Bobby Gould,30,WSH,RW,72,12,14,26,-1,56,1.1,12,0,0,2,14,0,0,119,10.1,,,gouldbo01
219,Michel Goulet*,27,QUE,LW,80,48,58,106,-31,56,8.3,18,29,1,4,33,25,0,284,16.9,,,goulemi01
220,Dirk Graham,28,TOT,RW,70,24,24,48,-7,71,3.4,13,10,1,2,17,7,0,173,13.9,,,grahadi01
220,Dirk Graham,28,CHI,RW,42,17,19,36,4,32,3.0,10,6,1,2,14,5,0,107,15.9,,,grahadi01
220,Dirk Graham,28,MNS,RW,28,7,5,12,-11,39,0.5,3,4,0,0,3,2,0,66,10.6,,,grahadi01
221,Dan Gratton,21,LAK,C,7,1,0,1,1,5,0.0,1,0,0,0,0,0,0,3,33.3,,,grattda01
222,Adam Graves,19,DET,C,9,0,1,1,-2,8,-0.2,0,0,0,0,1,0,0,9,0.0,,,gravead01
223,Steve Graves,23,EDM,LW,21,3,4,7,13,10,0.4,3,0,0,0,4,0,0,21,14.3,,,gravest01
224,Rick Green,31,MTL,D,59,2,11,13,21,33,4.2,1,1,0,0,10,1,0,44,4.5,,,greenri01
225,Randy Gregg,31,EDM,D,15,1,2,3,4,8,0.7,1,0,0,0,2,0,0,20,5.0,,,greggra01
226,Ron Greschner,33,NYR,D,51,1,5,6,-9,82,1.8,1,0,0,0,2,3,0,67,1.5,,,grescro01
227,Wayne Gretzky*,27,EDM,C,64,40,109,149,39,24,12.8,26,9,5,3,65,40,4,211,19.0,,,gretzwa01
228,Jari Grönstrand,25,NYR,D,62,3,11,14,8,63,3.8,2,1,0,0,9,2,0,65,4.6,,,gronsja01
229,Scott Gruhl,28,PIT,LW,6,1,0,1,0,0,0.0,1,0,0,0,0,0,0,7,14.3,,,gruhlsc01
230,Paul Guay,24,LAK,RW,33,4,4,8,-7,40,-0.1,4,0,0,0,4,0,0,42,9.5,,,guaypa01
231,Stéphane Guérard,19,QUE,D,30,0,0,0,-7,34,0.6,0,0,0,0,0,0,0,12,0.0,,,guerast01
232,Bengt-Åke Gustafsson,29,WSH,C,78,18,36,54,2,29,3.6,6,7,5,3,17,18,1,136,13.2,,,gustabe01
233,Kevan Guy,22,CGY,D,11,0,3,3,1,8,0.4,0,0,0,0,3,0,0,4,0.0,,,guyke01
234,Ari Haanpää,22,NYI,RW,1,0,0,0,-2,0,-0.1,0,0,0,0,0,0,0,0,,,,haanpar01
235,Marc Habscheid,24,MNS,C,16,4,11,15,-4,6,0.9,1,3,0,0,9,1,1,44,9.1,,,habscma01
236,Bob Halkidis,21,BUF,D,30,0,3,3,6,115,1.3,0,0,0,0,3,0,0,26,0.0,,,halkibo01
237,Taylor Hall,23,BOS,LW,7,0,0,0,-3,4,-0.3,0,0,0,0,0,0,0,5,0.0,,,hallta01
238,Doug Halward,32,DET,D,70,5,21,26,6,130,4.3,2,3,0,1,8,12,1,88,5.7,,,halwado01
239,Gilles Hamel,27,WIN,LW,63,8,11,19,-16,35,0.1,7,1,0,0,10,1,0,106,7.5,,,hamelgi01
240,Ken Hammond,24,LAK,D,46,7,9,16,-1,69,2.5,6,1,0,1,5,4,0,52,13.5,,,hammoke01
241,Ron Handy,25,STL,LW,4,0,1,1,-1,0,-0.1,0,0,0,0,1,0,0,4,0.0,,,handyro01
242,Dave Hannan,26,TOT,C,72,13,14,27,10,66,1.1,10,0,3,3,14,0,0,96,13.5,,,hannada01
242,Dave Hannan,26,EDM,C,51,9,11,20,12,43,0.9,7,0,2,2,11,0,0,62,14.5,,,hannada01
242,Dave Hannan,26,PIT,C,21,4,3,7,-2,23,0.2,3,0,1,1,3,0,0,34,11.8,,,hannada01
243,Mark Hardy,28,TOT,D,80,8,24,32,-32,130,3.0,3,4,1,1,10,14,0,134,6.0,,,hardyma01
243,Mark Hardy,28,LAK,D,61,6,22,28,-27,99,2.2,1,4,1,1,8,14,0,107,5.6,,,hardyma01
243,Mark Hardy,28,NYR,D,19,2,2,4,-5,31,0.8,2,0,0,0,2,0,0,27,7.4,,,hardyma01
244,Scott Harlow,24,STL,LW,1,0,1,1,-1,0,0.0,0,0,0,0,1,0,0,2,0.0,,,harlosc01
245,Mike Hartman,20,BUF,LW,18,3,1,4,-3,90,0.0,3,0,0,1,1,0,0,24,12.5,,,hartmmi01
246,Craig Hartsburg,28,MNS,D,27,3,16,19,-2,29,2.3,1,2,0,1,4,11,1,83,3.6,,,hartscr01
247,Kevin Hatcher,21,WSH,D,71,14,27,41,1,137,7.0,9,5,0,3,14,12,1,181,7.7,,,hatchke01
248,Dale Hawerchuk*,24,WIN,C,80,44,77,121,-9,59,10.0,21,20,3,4,36,39,2,292,15.1,,,hawerda01
249,Greg Hawgood,19,BOS,D,1,0,0,0,-1,0,0.0,0,0,0,0,0,0,0,1,0.0,,,hawgogr01
250,Alan Haworth,27,QUE,C,72,23,34,57,-5,112,3.9,17,6,0,2,22,12,0,171,13.5,,,haworal01
251,Dale Henry,23,NYI,LW,48,5,15,20,8,115,0.7,5,0,0,0,12,3,0,53,9.4,,,henryda01
252,Tim Higgins,29,DET,RW,62,12,13,25,5,94,1.2,11,0,1,1,12,1,0,63,19.0,,,higgiti01
253,Al Hill,32,PHI,LW,12,1,0,1,0,10,-0.2,1,0,0,0,0,0,0,9,11.1,,,hillal01
254,Randy Hillier,27,PIT,D,55,1,12,13,-6,144,1.8,1,0,0,0,8,3,1,44,2.3,,,hillira01
255,Tom Hirsch,25,MNS,D,1,0,0,0,1,0,0.1,0,0,0,0,0,0,0,0,,,,hirscto01
256,Dan Hodgson,22,VAN,C,8,3,7,10,1,2,0.8,2,1,0,1,3,4,0,7,42.9,,,hodgsda01
257,Benoît Hogue,21,BUF,C,3,1,1,2,3,0,0.2,1,0,0,1,1,0,0,3,33.3,,,hoguebe01
258,Ed Hospodar,28,BUF,D,42,0,1,1,-1,98,1.1,0,0,0,0,1,0,0,15,0.0,,,hospoed01
259,Paul Houck,24,MNS,RW,1,0,0,0,0,0,0.0,0,0,0,0,0,0,0,1,0.0,,,houckpa01
260,Doug Houda,21,DET,D,11,1,1,2,0,10,0.5,1,0,0,0,1,0,0,10,10.0,,,houdado01
261,Mike Hough,24,QUE,LW,17,3,2,5,-8,2,0.0,3,0,0,1,2,0,0,23,13.0,,,houghmi01
262,Bill Houlder,20,WSH,D,30,1,2,3,-2,10,1.4,1,0,0,0,2,0,0,20,5.0,,,houldbi01
263,Phil Housley*,23,BUF,D,74,29,37,66,-17,96,8.0,23,6,0,1,15,22,0,231,12.6,,,houslph01
264,Mark Howe*,32,PHI,D,75,19,43,62,23,62,9.3,10,8,1,4,22,17,4,177,10.7,,,howema02
265,Jiří Hrdina,30,CGY,C,9,2,5,7,7,2,0.6,2,0,0,0,4,1,0,13,15.4,,,hrdinji01
266,Tony Hrkac,21,STL,C,67,11,37,48,5,22,2.8,8,2,1,3,23,11,3,86,12.8,,,hrkacto01
267,Willie Huber,30,TOT,D,56,9,22,31,-16,70,3.8,4,5,0,0,11,11,0,111,8.1,,,huberwi01
267,Willie Huber,30,VAN,D,35,4,10,14,-10,40,1.9,2,2,0,0,5,5,0,79,5.1,,,huberwi01
267,Willie Huber,30,NYR,D,11,1,3,4,-4,14,0.5,1,0,0,0,2,1,0,18,5.6,,,huberwi01
267,Willie Huber,30,PHI,D,10,4,9,13,-2,16,1.4,1,3,0,0,4,5,0,14,28.6,,,huberwi01
268,Charlie Huddy,28,EDM,D,77,13,28,41,23,71,6.3,11,2,0,2,14,13,1,163,8.0,,,huddych01
269,Kerry Huffman,20,PHI,D,52,6,17,23,-11,34,3.0,3,3,0,2,10,7,0,84,7.1,,,huffmke01
270,Brett Hull*,23,TOT,RW,65,32,32,64,14,16,5.5,26,6,0,3,22,10,0,211,15.2,,,hullbr01
270,Brett Hull*,23,CGY,RW,52,26,24,50,10,12,4.2,22,4,0,3,16,8,0,153,17.0,,,hullbr01
270,Brett Hull*,23,STL,RW,13,6,8,14,4,4,1.3,4,2,0,0,6,2,0,58,10.3,,,hullbr01
271,Dale Hunter,27,WSH,C,79,22,37,59,7,240,4.4,11,11,0,1,21,16,0,126,17.5,,,hunteda02
272,Dave Hunter,30,TOT,LW,80,14,21,35,9,83,1.6,12,0,2,1,20,1,0,133,10.5,,,hunteda01
272,Dave Hunter,30,PIT,LW,59,11,18,29,8,77,1.6,9,0,2,1,17,1,0,115,9.6,,,hunteda01
272,Dave Hunter,30,EDM,LW,21,3,3,6,1,6,0.0,3,0,0,0,3,0,0,18,16.7,,,hunteda01
273,Mark Hunter,25,STL,RW,66,32,31,63,-6,136,5.2,18,14,0,0,18,13,0,164,19.5,,,huntema01
274,Tim Hunter,27,CGY,RW,68,8,5,13,-8,337,-0.9,8,0,0,0,5,0,0,60,13.3,,,hunteti01
275,Al Iafrate,21,TOR,D,77,22,30,52,-21,80,5.9,15,4,3,4,17,12,1,169,13.0,,,iafraal01
276,Peter Ihnačák,30,TOR,C,68,10,20,30,-6,41,1.0,10,0,0,0,18,2,0,75,13.3,,,ihnacpe01
277,Jeff Jackson,22,QUE,LW,68,9,18,27,5,103,1.2,7,0,2,3,17,0,1,98,9.2,,,jacksje01
278,Jim Jackson,27,BUF,LW,5,2,0,2,0,0,0.2,1,1,0,1,0,0,0,11,18.2,,,jacksji01
279,Craig Janney,20,BOS,C,15,7,9,16,6,0,1.5,6,1,0,1,5,4,0,29,24.1,,,jannecr01
280,Mark Janssens,19,NYR,C,1,0,0,0,0,0,0.0,0,0,0,0,0,0,0,0,,,,janssma01
281,Hannu Järvenpää,24,WIN,RW,41,6,11,17,0,34,0.7,5,1,0,0,10,1,0,52,11.5,,,jarveha01
282,Doug Jarvis,32,HAR,C,2,0,0,0,0,2,0.0,0,0,0,0,0,0,0,2,0.0,,,jarvido01
283,Wes Jarvis,29,TOR,C,1,0,0,0,0,0,0.0,0,0,0,0,0,0,0,0,,,,jarviwe01
284,Chris Jensen,24,NYR,C,7,0,1,1,-1,2,-0.1,0,0,0,0,1,0,0,11,0.0,,,jensech01
285,David Jensen,22,WSH,C,5,0,1,1,0,4,0.0,0,0,0,0,1,0,0,1,0.0,,,jenseda03
286,Calle Johansson,20,BUF,D,71,4,38,42,12,37,5.9,2,2,0,0,19,18,1,93,4.3,,,johanca01
287,Jim Johnson,25,PIT,D,55,1,12,13,-4,87,1.9,1,0,0,0,9,2,1,44,2.3,,,johnsji02
288,Mark Johnson,30,NJD,LW,54,14,19,33,-10,14,1.9,9,2,3,3,8,10,1,121,11.6,,,johnsma02
289,Brad Jones,22,WIN,LW,19,2,5,7,2,15,0.3,2,0,0,1,4,0,1,33,6.1,,,jonesbr01
290,Tomas Jonsson,27,NYI,D,72,6,41,47,6,115,6.1,5,1,0,1,12,27,2,121,5.0,,,jonssto01
291,Chris Joseph,18,TOT,D,24,0,8,8,-1,18,1.0,0,0,0,0,3,5,0,14,0.0,,,josepch01
291,Chris Joseph,18,PIT,D,17,0,4,4,2,12,0.7,0,0,0,0,2,2,0,13,0.0,,,josepch01
291,Chris Joseph,18,EDM,D,7,0,4,4,-3,6,0.2,0,0,0,0,1,3,0,1,0.0,,,josepch01
292,Bob Joyce,21,BOS,LW,15,7,5,12,4,10,1.1,5,2,0,0,3,2,0,30,23.3,,,joycebo01
293,Mark Kachowski,22,PIT,LW,38,5,3,8,1,126,-0.1,5,0,0,1,3,0,0,21,23.8,,,kachoma01
294,Steve Kasper,26,BOS,C,79,26,44,70,-1,35,5.0,14,9,3,5,29,11,4,166,15.7,,,kaspest01
295,Ed Kastelic,24,WSH,RW,35,1,0,1,-3,78,-0.7,1,0,0,0,0,0,0,20,5.0,,,kasteed01
296,Dean Kennedy,25,LAK,D,58,1,11,12,-22,158,0.8,1,0,0,0,11,0,0,40,2.5,,,kennede01
297,Alan Kerr,23,NYI,RW,80,24,34,58,30,198,4.7,20,4,0,2,27,7,0,196,12.2,,,kerral01
298,Tim Kerr,28,PHI,RW,8,3,2,5,0,12,0.4,1,2,0,0,0,2,0,34,8.8,,,kerrti01
299,Ian Kidd,23,VAN,D,19,4,7,11,-3,25,1.5,1,3,0,0,5,2,0,22,18.2,,,kiddia01
300,Derek King,20,NYI,LW,55,12,24,36,7,30,2.2,11,1,0,4,18,6,0,94,12.8,,,kingde01
301,Kris King,21,DET,LW,3,1,0,1,1,2,0.1,1,0,0,0,0,0,0,3,33.3,,,kingkr01
302,Kelly Kisio,28,NYR,C,77,23,55,78,8,88,5.7,13,9,1,1,39,16,0,145,15.9,,,kisioke01
303,Scot Kleinendorst,28,HAR,D,44,3,6,9,-5,86,2.7,3,0,0,0,6,0,0,44,6.8,,,kleinsc01
304,Petr Klíma,23,DET,LW,78,37,25,62,4,46,5.3,26,6,5,5,19,6,0,174,21.3,,,klimape01
305,Gord Kluzak,23,BOS,D,66,6,31,37,18,135,6.4,5,0,1,0,16,15,0,168,3.6,,,kluzago01
306,Joe Kocur,23,DET,RW,63,7,7,14,-11,263,-0.5,7,0,0,1,6,1,0,41,17.1,,,kocurjo01
307,Steve Konroyd,26,NYI,D,62,2,15,17,16,99,3.9,1,1,0,0,8,6,1,105,1.9,,,konrost01
308,Chris Kontos,24,TOT,C,42,3,17,20,-2,14,0.5,2,1,0,0,11,6,0,36,8.3,,,kontoch01
308,Chris Kontos,24,PIT,C,36,1,7,8,-3,12,-0.4,1,0,0,0,7,0,0,17,5.9,,,kontoch01
308,Chris Kontos,24,LAK,C,6,2,10,12,1,2,0.9,1,1,0,0,4,6,0,19,10.5,,,kontoch01
309,John Kordic,22,MTL,RW,60,2,6,8,0,159,-0.8,2,0,0,0,6,0,0,17,11.8,,,kordijo01
310,Jim Korn,30,NJD,LW,52,8,13,21,-22,140,0.2,5,3,0,0,9,4,0,49,16.3,,,kornji01
311,Chris Kotsopoulos,29,TOR,D,21,2,2,4,-3,19,0.7,2,0,0,0,2,0,0,22,9.1,,,kotsoch01
312,Dale Krentz,26,DET,LW,6,2,0,2,2,5,0.2,2,0,0,1,0,0,0,5,40.0,,,krentda01
313,Richard Kromm,23,NYI,LW,71,5,10,15,2,20,-0.4,4,0,1,1,9,0,1,84,6.0,,,krommri01
314,Uwe Krupp,22,BUF,D,75,2,9,11,-1,151,2.8,2,0,0,0,6,2,1,84,2.4,,,kruppuw01
315,Mike Krushelnyski,27,EDM,LW,76,20,27,47,26,64,3.3,16,4,0,0,25,1,1,124,16.1,,,krushmi01
316,Bob Kudelski,23,LAK,C,26,0,1,1,-10,8,-0.9,0,0,0,0,1,0,0,18,0.0,,,kudelbo01
317,Stu Kulak,24,QUE,RW,14,1,1,2,-5,28,-0.2,1,0,0,0,1,0,0,22,4.5,,,kulakst01
318,Mark Kumpel,26,TOT,RW,45,4,6,10,4,23,0.0,4,0,0,0,6,0,0,42,9.5,,,kumpema01
318,Mark Kumpel,26,WIN,RW,32,4,4,8,4,19,0.2,4,0,0,0,4,0,0,36,11.1,,,kumpema01
318,Mark Kumpel,26,DET,RW,13,0,2,2,0,4,-0.2,0,0,0,0,2,0,0,6,0.0,,,kumpema01
319,Jari Kurri*,27,EDM,RW,80,43,53,96,25,30,8.3,30,10,3,5,31,19,3,207,20.8,,,kurrija01
320,Tom Kurvers,25,NJD,D,56,5,29,34,6,46,4.9,3,2,0,1,8,19,2,88,5.7,,,kurveto01
321,Jim Kyte,23,WIN,D,51,1,3,4,1,128,2.1,1,0,0,0,3,0,0,59,1.7,,,kyteji01
322,Normand Lacombe,23,EDM,RW,53,8,9,17,-3,36,0.1,7,1,0,2,9,0,0,44,18.2,,,lacomno01
323,Randy Ladouceur,27,HAR,D,67,1,7,8,7,91,4.2,1,0,0,1,5,2,0,37,2.7,,,ladoura01
324,Pat LaFontaine*,22,NYI,C,75,47,45,92,12,52,8.6,32,15,0,7,29,16,0,242,19.4,,,lafonpa01
325,Jason Lafreniere,21,QUE,C,40,10,19,29,-1,4,1.8,5,5,0,1,10,9,0,54,18.5,,,lafreja01
326,Tom Laidlaw,29,LAK,D,57,1,12,13,3,47,2.3,1,0,0,0,9,2,1,30,3.3,,,laidlto01
327,Mike Lalor,24,MTL,D,66,1,10,11,4,113,3.2,1,0,0,0,10,0,0,41,2.4,,,lalormi01
328,Mark Lamb,23,EDM,C,2,0,0,0,0,0,-0.1,0,0,0,0,0,0,0,0,,,,lambma01
329,Lane Lambert,23,QUE,RW,61,13,28,41,0,98,2.5,13,0,0,2,22,6,0,98,13.3,,,lambela01
330,Mitch Lamoureux,25,PHI,C,3,0,0,0,-1,0,-0.1,0,0,0,0,0,0,0,1,0.0,,,lamoumi01
331,Rod Langway*,30,WSH,D,63,3,13,16,1,28,4.1,3,0,0,1,11,1,1,49,6.1,,,langwro01
332,Jean-Marc Lanthier,24,VAN,RW,5,1,1,2,-1,2,0.1,1,0,0,0,1,0,0,3,33.3,,,lanthje01
333,Rick Lanz,26,TOR,D,75,6,22,28,-12,65,3.4,3,3,0,0,15,7,0,145,4.1,,,lanzri01
334,Steve Larmer,26,CHI,LW,80,41,48,89,-5,42,7.5,13,21,7,0,25,19,4,245,16.7,,,larmest01
335,Denis Larocque,20,LAK,D,8,0,1,1,-4,18,0.0,0,0,0,0,1,0,0,2,0.0,,,larocde01
336,Pierre Larouche,32,NYR,C,10,3,9,12,-3,13,0.8,1,2,0,0,5,4,0,30,10.0,,,laroupi01
337,Reed Larson,31,BOS,D,62,10,24,34,3,93,5.5,4,5,1,1,16,7,1,151,6.6,,,larsore01
338,David Latta,21,QUE,LW,10,0,0,0,-4,0,-0.3,0,0,0,0,0,0,0,13,0.0,,,lattada01
339,Brad Lauer,21,NYI,RW,69,17,18,35,13,67,2.3,14,3,0,4,15,3,0,94,18.1,,,lauerbr01
340,Craig Laughlin,30,TOT,RW,59,9,13,22,-16,32,0.5,4,5,0,1,8,5,0,74,12.2,,,laughcr01
340,Craig Laughlin,30,WSH,RW,40,5,5,10,-8,26,0.0,2,3,0,1,3,2,0,45,11.1,,,laughcr01
340,Craig Laughlin,30,LAK,RW,19,4,8,12,-8,6,0.5,2,2,0,0,5,3,0,29,13.8,,,laughcr01
341,Mark LaVarre,22,CHI,RW,18,1,1,2,-8,25,-0.4,1,0,0,0,1,0,0,17,5.9,,,lavarma01
342,Paul Lawless,23,TOT,LW,49,4,11,15,-11,16,0.0,4,0,0,1,10,1,0,96,4.2,,,lawlepa01
342,Paul Lawless,23,HAR,LW,28,4,5,9,-2,16,0.4,4,0,0,1,4,1,0,71,5.6,,,lawlepa01
342,Paul Lawless,23,VAN,LW,13,0,1,1,-9,0,-0.5,0,0,0,0,1,0,0,15,0.0,,,lawlepa01
342,Paul Lawless,23,PHI,LW,8,0,5,5,0,0,0.2,0,0,0,0,5,0,0,10,0.0,,,lawlepa01
343,Brian Lawton,22,MNS,C,74,17,24,41,-10,71,2.3,10,7,0,1,14,9,1,155,11.0,,,lawtobr01
344,Derek Laxdal,21,TOR,RW,5,0,0,0,0,6,-0.1,0,0,0,0,0,0,0,2,0.0,,,laxdade01
345,Steve Leach,22,WSH,RW,8,1,1,2,2,17,0.1,1,0,0,1,1,0,0,5,20.0,,,leachst01
346,John LeBlanc,24,VAN,LW,41,12,10,22,-12,18,1.3,9,3,0,1,9,1,0,86,14.0,,,leblajo01
347,Grant Ledyard,26,TOT,D,44,5,10,15,-11,66,2.2,3,2,0,1,5,5,0,81,6.2,,,ledyagr01
347,Grant Ledyard,26,LAK,D,23,1,7,8,-7,52,0.7,0,1,0,0,3,4,0,40,2.5,,,ledyagr01
347,Grant Ledyard,26,WSH,D,21,4,3,7,-4,14,1.5,3,1,0,1,2,1,0,41,9.8,,,ledyagr01
348,Gary Leeman,23,TOR,RW,80,30,31,61,-6,62,4.5,24,6,0,0,24,7,0,234,12.8,,,leemaga01
349,Brian Leetch*,19,NYR,D,17,2,12,14,5,0,2.0,1,1,0,1,5,7,0,40,5.0,,,leetcbr01
350,Tommy Lehman,23,BOS,C,9,1,3,4,0,6,0.1,1,0,0,0,2,1,0,5,20.0,,,lehmato01
351,Ken Leiter,26,NYI,D,51,4,13,17,18,24,3.8,3,1,0,1,10,3,0,104,3.8,,,leiteke01
352,Moe Lemay,25,TOT,LW,6,0,0,0,-3,2,-0.3,0,0,0,0,0,0,0,7,0.0,,,lemaymo01
352,Moe Lemay,25,EDM,LW,4,0,0,0,-1,2,-0.1,0,0,0,0,0,0,0,5,0.0,,,lemaymo01
352,Moe Lemay,25,BOS,LW,2,0,0,0,-2,0,-0.1,0,0,0,0,0,0,0,2,0.0,,,lemaymo01
353,Claude Lemieux,22,MTL,RW,78,31,30,61,16,137,5.3,25,6,0,3,24,6,0,241,12.9,,,lemiecl01
354,Jocelyn Lemieux,20,STL,RW,23,1,0,1,-5,42,-0.5,1,0,0,0,0,0,0,19,5.3,,,lemiejo01
355,Mario Lemieux*,22,PIT,C,77,70,98,168,23,92,16.2,38,22,10,7,36,58,4,382,18.3,,,lemiema01
356,Dave Lewis,34,DET,D,6,0,0,0,-3,18,0.0,0,0,0,0,0,0,0,3,0.0,,,lewisda02
357,Doug Lidster,27,VAN,D,64,4,32,36,-19,105,3.9,1,2,1,0,9,22,1,133,3.0,,,lidstdo01
358,Ken Linseman,29,BOS,C,77,29,45,74,36,167,6.6,22,7,0,5,31,12,2,150,19.3,,,linseke01
359,Robert Logan,23,BUF,RW,16,3,2,5,1,0,0.2,2,1,0,1,2,0,0,15,20.0,,,loganro01
360,Claude Loiselle,24,NJD,C,68,17,18,35,7,121,2.3,12,3,2,2,14,4,0,117,14.5,,,loisecl01
361,Troy Loney,24,PIT,RW,65,5,13,18,-3,151,-0.2,4,1,0,0,13,0,0,87,5.7,,,loneytr01
362,Håkan Loob,27,CGY,RW,80,50,56,106,41,47,10.1,33,9,8,4,25,26,5,198,25.3,,,loobha01
363,Kevin Lowe*,28,EDM,D,70,9,15,24,18,89,4.4,6,2,1,2,8,6,1,82,11.0,,,loweke01
364,Dave Lowry,22,VAN,LW,22,1,3,4,-2,38,-0.2,1,0,0,0,2,1,0,14,7.1,,,lowryda01
365,Jan Ludvig,26,BUF,RW,13,1,6,7,1,65,0.3,1,0,0,0,6,0,0,13,7.7,,,ludvija01
366,Craig Ludwig,26,MTL,D,74,4,10,14,17,69,4.6,4,0,0,0,9,0,1,82,4.9,,,ludwicr01
367,Steve Ludzik,26,CHI,C,73,6,15,21,-14,40,-0.2,5,1,0,1,13,2,0,55,10.9,,,ludzist01
368,Paul MacDermid,24,HAR,RW,80,20,15,35,3,139,2.6,16,4,0,2,12,3,0,96,20.8,,,macdepa01
369,Brett MacDonald,22,VAN,D,1,0,0,0,-1,0,0.0,0,0,0,0,0,0,0,0,,,,macdobr01
370,Shane MacEachern,20,STL,C,1,0,0,0,0,0,0.0,0,0,0,0,0,0,0,0,,,,maceash01
371,Al MacInnis*,24,CGY,D,80,25,58,83,13,114,9.4,16,7,2,2,18,39,1,245,10.2,,,macinal01
372,Norm Maciver,23,NYR,D,37,9,15,24,10,14,4.2,5,4,0,2,7,8,0,65,13.8,,,macivno01
373,David Mackey,21,CHI,LW,23,1,3,4,-14,71,-0.6,1,0,0,1,3,0,0,23,4.3,,,mackeda01
374,John MacLean,23,NJD,RW,76,23,16,39,-10,147,2.4,11,12,0,4,12,4,0,204,11.3,,,maclejo01
375,Paul MacLean,29,WIN,RW,77,40,39,79,-17,76,6.5,18,22,0,2,18,21,0,176,22.7,,,maclepa01
376,Brian MacLellan,29,MNS,LW,75,16,32,48,-44,74,1.8,9,7,0,4,16,16,0,194,8.2,,,maclebr01
377,Craig MacTavish,29,EDM,C,80,15,17,32,-3,47,0.9,12,0,3,5,13,3,1,90,16.7,,,mactacr01
378,Kevin Maguire,25,BUF,RW,46,4,6,10,-1,162,-0.2,4,0,0,0,6,0,0,25,16.0,,,maguike01
379,Mikko Mäkelä,22,NYI,RW,73,36,40,76,14,22,6.7,21,13,2,4,19,21,0,142,25.4,,,makelmi01
380,David Maley,24,NJD,C,44,4,2,6,-13,65,-0.7,3,1,0,1,2,0,0,44,9.1,,,maleyda01
381,Don Maloney,29,NYR,LW,66,12,21,33,12,60,2.0,11,1,0,2,20,0,1,88,13.6,,,malondo01
382,Jimmy Mann,28,PIT,RW,9,0,0,0,0,53,-0.2,0,0,0,0,0,0,0,1,0.0,,,mannji01
383,Dave Manson,21,CHI,D,54,1,6,7,-12,185,1.3,1,0,0,0,6,0,0,47,2.1,,,mansoda01
384,Moe Mantha,27,TOT,D,76,11,27,38,-1,53,5.2,8,3,0,1,16,11,0,223,4.9,,,manthmo01
384,Moe Mantha,27,MNS,D,30,9,13,22,-14,4,2.4,7,2,0,0,7,6,0,107,8.4,,,manthmo01
384,Moe Mantha,27,EDM,D,25,0,6,6,7,26,1.2,0,0,0,0,4,2,0,50,0.0,,,manthmo01
384,Moe Mantha,27,PIT,D,21,2,8,10,6,23,1.6,1,1,0,1,5,3,0,66,3.0,,,manthmo01
385,Gordon Mark,23,NJD,D,19,0,2,2,-13,27,0.0,0,0,0,0,2,0,0,11,0.0,,,markgo01
386,Nevin Markwart,23,BOS,LW,25,1,12,13,4,85,0.5,1,0,0,0,11,0,1,24,4.2,,,markwne01
387,Mario Marois,30,WIN,D,79,7,44,51,5,111,7.1,4,3,0,1,22,21,1,170,4.1,,,maroima01
388,Brad Marsh,29,PHI,D,70,3,9,12,-13,57,2.3,2,0,1,1,7,1,1,57,5.3,,,marshbr01
389,Tom Martin,23,HAR,LW,5,1,2,3,-1,14,0.2,1,0,0,0,2,0,0,8,12.5,,,martito02
390,Steve Martinson,28,DET,LW,10,1,1,2,3,84,0.0,1,0,0,1,1,0,0,3,33.3,,,martist01
391,Dennis Maruk,32,MNS,C,22,7,4,11,1,15,0.8,5,2,0,0,2,2,0,45,15.6,,,marukde01
392,Dwight Mathiasen,24,PIT,RW,23,0,6,6,-7,14,-0.4,0,0,0,0,6,0,0,29,0.0,,,mathidw01
393,Alan May,23,BOS,RW,3,0,0,0,-1,15,-0.1,0,0,0,0,0,0,0,3,0.0,,,mayal01
394,Pat Mayer,26,PIT,D,1,0,0,0,0,4,0.0,0,0,0,0,0,0,0,0,,,,mayerpa01
395,Andrew McBain,23,WIN,RW,74,32,31,63,-10,145,5.0,12,20,0,5,15,16,0,146,21.9,,,mcbaian01
396,Wayne McBean,18,LAK,D,27,0,1,1,-14,26,-0.2,0,0,0,0,1,0,0,21,0.0,,,mcbeawa01
397,Tom McCarthy,27,BOS,LW,7,2,5,7,3,6,0.6,1,1,0,0,4,1,0,10,20.0,,,mccarto02
398,Kevin McClelland,25,EDM,RW,74,10,6,16,1,281,-0.3,10,0,0,0,6,0,0,61,16.4,,,mccleke01
399,Brad McCrimmon,28,CGY,D,80,7,35,42,48,98,7.0,3,1,3,2,26,6,3,102,6.9,,,mccribr01
400,Lanny McDonald*,34,CGY,RW,60,10,13,23,2,57,0.6,10,0,0,2,12,1,0,79,12.7,,,mcdonla01
401,Mike McEwen,31,HAR,D,9,0,3,3,-1,10,0.6,0,0,0,0,1,2,0,22,0.0,,,mcewemi01
402,Bob McGill,25,CHI,D,67,4,7,11,-19,131,1.7,4,0,0,1,6,0,1,56,7.1,,,mcgilbo01
403,Tony McKegney,29,STL,LW,80,40,38,78,10,82,6.9,24,13,3,1,26,11,1,241,16.6,,,mckegto01
404,Sean McKenna,25,TOT,RW,70,8,7,15,-25,24,-0.8,8,0,0,1,7,0,0,80,10.0,,,mckense01
404,Sean McKenna,25,TOR,RW,40,5,5,10,-11,12,-0.2,5,0,0,1,5,0,0,46,10.9,,,mckense01
404,Sean McKenna,25,LAK,RW,30,3,2,5,-14,12,-0.6,3,0,0,0,2,0,0,34,8.8,,,mckense01
405,Todd McLellan,20,NYI,C,5,1,1,2,-1,0,0.1,1,0,0,0,1,0,0,4,25.0,,,mclelto01
406,Dave McLlwain,21,PIT,C,66,11,8,19,-1,40,0.4,10,1,0,0,8,0,0,65,16.9,,,mcllwda01
407,Tom McMurchy,24,EDM,RW,9,4,1,5,2,8,0.4,4,0,0,1,1,0,0,11,36.4,,,mcmurto01
408,George McPhee,29,NJD,LW,5,3,0,3,2,8,0.4,3,0,0,1,0,0,0,5,60.0,,,mcphege01
409,Mike McPhee,27,MTL,LW,77,23,20,43,19,53,3.4,21,0,2,4,18,1,1,151,15.2,,,mcphemi01
410,Basil McRae,27,MNS,LW,80,5,11,16,-28,382,-1.0,5,0,0,0,11,0,0,107,4.7,,,mcraeba01
411,Chris McRae,22,TOR,LW,11,0,0,0,0,65,-0.3,0,0,0,0,0,0,0,0,,,,mcraech01
412,Ken McRae,19,QUE,C,1,0,0,0,0,0,0.0,0,0,0,0,0,0,0,1,0.0,,,mcraeke01
413,Marty McSorley,24,EDM,RW,60,9,17,26,23,223,1.4,9,0,0,1,17,0,0,66,13.6,,,mcsorma01
414,Don McSween,23,BUF,D,5,0,1,1,1,6,0.3,0,0,0,0,1,0,0,4,0.0,,,mcswedo01
415,Rick Meagher,34,STL,C,76,18,16,34,0,76,2.0,13,0,5,3,15,1,0,113,15.9,,,meaghri01
416,Scott Mellanby,21,PHI,RW,75,25,26,51,-7,185,3.5,18,7,0,2,15,11,0,190,13.2,,,mellasc01
417,Larry Melnyk,27,TOT,D,63,2,4,6,-19,107,1.5,2,0,0,0,4,0,0,40,5.0,,,melnyla01
417,Larry Melnyk,27,VAN,D,49,2,3,5,-12,73,1.4,2,0,0,0,3,0,0,32,6.3,,,melnyla01
417,Larry Melnyk,27,NYR,D,14,0,1,1,-7,34,0.2,0,0,0,0,1,0,0,8,0.0,,,melnyla01
418,Mark Messier*,27,EDM,C,77,37,74,111,21,103,9.0,22,12,3,7,48,21,5,182,20.3,,,messima01
419,Mitch Messier,22,MNS,RW,13,0,1,1,-5,11,-0.4,0,0,0,0,1,0,0,5,0.0,,,messimi01
420,Scott Metcalfe,21,TOT,LW,3,0,1,1,-2,0,-0.1,0,0,0,0,1,0,0,1,0.0,,,metcasc01
420,Scott Metcalfe,21,EDM,LW,2,0,0,0,-1,0,-0.1,0,0,0,0,0,0,0,0,,,,metcasc01
420,Scott Metcalfe,21,BUF,LW,1,0,1,1,-1,0,0.0,0,0,0,0,1,0,0,1,0.0,,,metcasc01
421,Pat Micheletti,24,MNS,C,12,2,0,2,2,8,0.1,2,0,0,0,0,0,0,18,11.1,,,michepa01
422,Max Middendorf,20,QUE,RW,1,0,0,0,0,0,0.0,0,0,0,0,0,0,0,0,,,,middema01
423,Rick Middleton,34,BOS,RW,59,13,19,32,3,11,1.9,8,2,3,1,15,2,2,79,16.5,,,middlri01
424,Mike Millar,22,HAR,RW,28,7,7,14,-5,6,0.9,3,4,0,2,3,4,0,58,12.1,,,millami01
425,Jay Miller,27,BOS,LW,78,7,12,19,-5,304,-0.2,7,0,0,1,12,0,0,44,15.9,,,milleja02
426,Kelly Miller,24,WSH,C,80,9,23,32,9,35,1.5,8,0,1,3,22,0,1,96,9.4,,,milleke01
427,John Miner,22,EDM,D,14,2,3,5,-4,16,0.5,2,0,0,0,2,1,0,16,12.5,,,minerjo01
428,Randy Moller,24,QUE,D,66,3,22,25,-11,169,3.6,3,0,0,2,19,3,0,116,2.6,,,mollera01
429,Sergio Momesso,22,MTL,LW,53,7,14,21,9,101,1.0,6,1,0,0,14,0,0,72,9.7,,,momesse01
430,Ken Morrow,31,NYI,D,53,1,4,5,0,40,1.8,1,0,0,0,4,0,0,50,2.0,,,morroke01
431,Brian Mullen,25,NYR,LW,74,25,29,54,-2,42,3.9,15,10,0,4,20,9,0,147,17.0,,,mullebr01
432,Joe Mullen*,30,CGY,RW,80,40,44,84,28,30,7.4,28,12,0,5,31,13,0,205,19.5,,,mullejo01
433,Kirk Muller,21,NJD,C,80,37,57,94,19,114,8.2,18,17,2,1,37,20,0,215,17.2,,,mulleki01
434,Craig Muni,25,EDM,D,72,4,15,19,32,77,4.4,3,0,1,0,13,0,2,56,7.1,,,municr01
435,Joe Murphy,20,DET,RW,50,10,9,19,-4,37,0.7,9,1,0,2,6,3,0,82,12.2,,,murphjo01
436,Larry Murphy*,26,WSH,D,79,8,53,61,2,72,8.5,1,7,0,1,22,30,1,201,4.0,,,murphla01
437,Rob Murphy,18,VAN,C,5,0,0,0,-1,2,-0.1,0,0,0,0,0,0,0,4,0.0,,,murphro02
438,Bob Murray,33,CHI,D,62,6,20,26,-7,44,3.5,5,1,0,0,7,10,3,97,6.2,,,murrabo02
439,Mike Murray,21,PHI,C,1,0,0,0,0,0,0.0,0,0,0,0,0,0,0,1,0.0,,,murrami02
440,Troy Murray,25,CHI,C,79,22,36,58,-17,96,3.5,17,3,2,2,23,11,2,148,14.9,,,murratr01
441,Dana Murzyn,21,TOT,D,74,7,11,18,1,139,3.9,6,1,0,1,11,0,0,107,6.5,,,murzyda01
441,Dana Murzyn,21,CGY,D,41,6,5,11,9,94,2.1,6,0,0,1,5,0,0,58,10.3,,,murzyda01
441,Dana Murzyn,21,HAR,D,33,1,6,7,-8,45,1.7,0,1,0,0,6,0,0,49,2.0,,,murzyda01
442,František Musil,23,MNS,D,80,9,8,17,-2,213,4.2,7,1,1,0,8,0,0,78,11.5,,,musilfr01
443,Don Nachbaur,29,PHI,C,20,0,4,4,2,61,-0.2,0,0,0,0,4,0,0,11,0.0,,,nachbdo01
444,Mark Napier,31,BUF,RW,47,10,8,18,-3,8,0.8,9,0,1,2,8,0,0,81,12.3,,,napiema01
445,Mats Näslund,28,MTL,LW,78,24,59,83,17,14,6.4,20,4,0,2,36,23,0,167,14.4,,,nasluma01
446,Ric Nattress,25,CGY,D,63,2,13,15,14,37,2.6,2,0,0,0,13,0,0,48,4.2,,,nattrri01
447,Mike Natyshak,24,QUE,RW,4,0,0,0,-1,0,-0.1,0,0,0,0,0,0,0,0,,,,natysmi01
448,Cam Neely*,22,BOS,RW,69,42,27,69,30,175,7.2,31,11,0,3,17,10,0,207,20.3,,,neelyca01
449,Steve Nemeth,20,NYR,C,12,2,0,2,-4,2,-0.1,1,0,1,0,0,0,0,12,16.7,,,nemetst01
450,Ray Neufeld,28,WIN,RW,78,18,18,36,-29,169,1.3,9,9,0,2,10,8,0,115,15.7,,,neufera01
451,Bernie Nicholls,26,LAK,C,65,32,46,78,2,114,6.5,17,8,7,1,24,22,0,236,13.6,,,nichobe01
452,Kraig Nienhuis,26,BOS,LW,1,0,0,0,-1,0,-0.1,0,0,0,0,0,0,0,4,0.0,,,nienhkr01
453,Joe Nieuwendyk*,21,CGY,C,75,51,41,92,20,23,8.7,17,31,3,8,25,14,2,212,24.1,,,nieuwjo01
454,Chris Nilan,29,TOT,RW,72,10,10,20,-2,305,0.4,10,0,0,1,10,0,0,88,11.4,,,nilanch01
454,Chris Nilan,29,MTL,RW,50,7,5,12,-2,209,0.1,7,0,0,1,5,0,0,68,10.3,,,nilanch01
454,Chris Nilan,29,NYR,RW,22,3,5,8,0,96,0.3,3,0,0,0,5,0,0,20,15.0,,,nilanch01
455,Jim Nill,29,TOT,RW,60,3,12,15,-5,99,-0.4,3,0,0,0,12,0,0,38,7.9,,,nillji01
455,Jim Nill,29,DET,RW,36,3,11,14,2,55,0.3,3,0,0,0,11,0,0,25,12.0,,,nillji01
455,Jim Nill,29,WIN,RW,24,0,1,1,-7,44,-0.7,0,0,0,0,1,0,0,13,0.0,,,nillji01
456,Brian Noonan,22,CHI,C,77,10,20,30,-27,44,0.3,7,3,0,2,12,8,0,87,11.5,,,noonabr01
457,Robert Nordmark,25,STL,D,67,3,18,21,-6,60,3.6,1,2,0,0,6,12,0,78,3.8,,,nordmro01
458,Jeff Norton,22,NYI,D,15,1,6,7,3,14,1.1,0,1,0,1,4,2,0,18,5.6,,,nortoje01
459,Lee Norwood,27,DET,D,51,9,22,31,4,131,4.4,6,3,0,2,12,8,2,106,8.5,,,norwole01
460,Gary Nylund,24,CHI,D,76,4,15,19,-9,208,3.1,4,0,0,0,13,0,2,92,4.3,,,nylunga01
461,Jack O'Callahan,30,NJD,D,50,7,19,26,-3,97,3.8,3,4,0,1,6,13,0,90,7.8,,,ocallja01
462,Mike O'Connell,32,DET,D,48,6,13,19,24,38,4.3,6,0,0,0,8,3,2,68,8.8,,,oconnmi01
463,Bill O'Dwyer,28,BOS,C,77,7,10,17,-3,83,-0.3,6,1,0,1,8,0,2,98,7.1,,,odwyebi01
464,Adam Oates*,25,DET,C,63,14,40,54,16,20,3.8,11,3,0,3,30,10,0,111,12.6,,,oatesad01
465,Selmar Odelein,21,EDM,D,12,0,2,2,-2,33,0.2,0,0,0,0,1,1,0,17,0.0,,,odelese01
466,John Ogrodnick,28,NYR,LW,64,22,32,54,-3,16,3.9,15,7,0,5,15,17,0,152,14.5,,,ogrodjo01
467,Todd Okerlund,23,NYI,RW,4,0,0,0,0,2,-0.1,0,0,0,0,0,0,0,3,0.0,,,okerlto01
468,Fredrik Olausson,21,WIN,D,38,5,10,15,3,18,2.9,3,2,0,2,5,5,0,65,7.7,,,olausfr01
469,Eddie Olczyk,21,TOR,RW,80,42,33,75,-22,55,6.0,24,14,4,3,20,10,3,243,17.3,,,olczyed01
470,Mark Osborne,26,TOR,LW,79,23,37,60,-3,102,4.0,17,4,2,0,24,10,3,155,14.8,,,osborma01
471,Joel Otto,26,CGY,C,62,13,39,52,16,194,3.2,8,4,1,4,28,9,2,105,12.4,,,ottojo01
472,Wilf Paiement,32,PIT,RW,23,2,6,8,-4,39,0.0,2,0,0,0,6,0,0,25,8.0,,,paiemwi01
473,Jeff Parker,23,BUF,C,4,0,2,2,-1,2,0.0,0,0,0,0,2,0,0,0,,,,parkeje01
474,Greg Paslawski,26,STL,RW,17,2,1,3,-14,4,-0.4,2,0,0,1,0,1,0,30,6.7,,,paslagr01
475,Joe Paterson,27,TOT,LW,53,2,6,8,-14,176,-1.0,2,0,0,0,6,0,0,29,6.9,,,paterjo01
475,Joe Paterson,27,LAK,LW,32,1,3,4,-10,113,-0.7,1,0,0,0,3,0,0,20,5.0,,,paterjo01
475,Joe Paterson,27,NYR,LW,21,1,3,4,-4,63,-0.2,1,0,0,0,3,0,0,9,11.1,,,paterjo01
476,James Patrick,24,NYR,D,70,17,45,62,16,52,9.0,8,9,0,1,19,26,0,187,9.1,,,patrija01
477,Colin Patterson,27,CGY,LW,39,7,11,18,7,28,0.8,7,0,0,0,11,0,0,37,18.9,,,patteco01
478,Jim Pavese,25,TOT,D,25,0,5,5,-5,77,0.9,0,0,0,0,4,1,0,20,0.0,,,pavesji01
478,Jim Pavese,25,NYR,D,14,0,1,1,-7,48,0.2,0,0,0,0,1,0,0,13,0.0,,,pavesji01
478,Jim Pavese,25,DET,D,7,0,3,3,3,21,0.6,0,0,0,0,2,1,0,4,0.0,,,pavesji01
478,Jim Pavese,25,STL,D,4,0,1,1,-1,8,0.1,0,0,0,0,1,0,0,3,0.0,,,pavesji01
479,Steve Payne,29,MNS,LW,9,1,3,4,-1,12,0.1,1,0,0,0,1,2,0,15,6.7,,,paynest01
480,Kent Paynter,22,CHI,D,2,0,0,0,0,2,0.0,0,0,0,0,0,0,0,0,,,,payntke01
481,Allen Pedersen,23,BOS,D,78,0,6,6,6,90,3.5,0,0,0,0,6,0,0,43,0.0,,,pederal01
482,Barry Pederson,26,VAN,C,76,19,52,71,2,92,5.0,14,4,1,1,31,19,2,163,11.7,,,pederba01
483,Jim Peplinski,27,CGY,LW,75,20,31,51,20,234,3.4,18,0,2,4,30,0,1,128,15.6,,,pepliji01
484,Brent Peterson,29,HAR,C,52,2,7,9,-9,40,-0.5,2,0,0,0,7,0,0,33,6.1,,,peterbr01
485,Michel Petit,23,TOT,D,74,9,27,36,-1,258,5.7,7,2,0,3,16,11,0,109,8.3,,,petitmi01
485,Michel Petit,23,NYR,D,64,9,24,33,3,223,5.4,7,2,0,3,15,9,0,96,9.4,,,petitmi01
485,Michel Petit,23,VAN,D,10,0,3,3,-4,35,0.3,0,0,0,0,1,2,0,13,0.0,,,petitmi01
486,Lyle Phair,26,LAK,LW,28,4,6,10,-5,8,0.2,4,0,0,0,3,2,1,35,11.4,,,phairly01
487,Robert Picard,30,QUE,D,65,3,13,16,-1,103,3.5,2,0,1,1,11,2,0,110,2.7,,,picarro02
488,Dave Pichette,27,NYR,D,6,1,3,4,-2,4,0.5,1,0,0,0,0,3,0,7,14.3,,,picheda01
489,Michal Pivoňka,22,WSH,LW,71,11,23,34,1,28,1.7,8,3,0,0,13,10,0,96,11.5,,,pivonmi01
490,Jim Playfair,23,CHI,D,12,1,3,4,4,21,0.9,0,1,0,0,2,1,0,11,9.1,,,playfji01
491,Larry Playfair,29,LAK,D,54,0,7,7,-13,197,0.8,0,0,0,0,7,0,0,20,0.0,,,playfla01
492,Willi Plett,32,BOS,RW,65,2,3,5,-10,170,-1.4,1,1,0,0,2,1,0,29,6.9,,,plettwi01
493,Walt Poddubny,27,NYR,C,77,38,50,88,2,76,7.3,25,13,0,4,23,27,0,202,18.8,,,podduwa01
494,Rudy Poeschek,21,NYR,D,1,0,0,0,0,2,0.0,0,0,0,0,0,0,0,1,0.0,,,poescru01
495,Denis Potvin*,34,NYI,D,72,19,32,51,26,112,8.5,10,9,0,3,13,19,0,188,10.1,,,potvide01
496,Daniel Poudrier,23,QUE,D,6,0,0,0,-1,0,0.1,0,0,0,0,0,0,0,0,,,,poudrda01
497,Dave Poulin,29,PHI,C,68,19,32,51,17,32,3.9,13,1,5,3,27,3,2,125,15.2,,,poulida02
498,Petr Prajsler,22,LAK,D,7,0,0,0,2,2,0.2,0,0,0,0,0,0,0,2,0.0,,,prajspe01
499,Wayne Presley,22,CHI,RW,42,12,10,22,-13,52,1.1,8,4,0,1,6,4,0,89,13.5,,,preslwa01
500,Pat Price,32,MNS,D,14,0,2,2,-3,20,0.4,0,0,0,0,2,0,0,10,0.0,,,pricepa01
501,Ken Priestlay,20,BUF,C,33,5,12,17,-4,35,0.7,3,1,1,0,8,4,0,63,7.9,,,prieske01
502,Bob Probert,22,DET,RW,74,29,33,62,16,398,5.2,14,15,0,5,25,8,0,126,23.0,,,probebo01
503,Brian Propp,28,PHI,LW,74,27,49,76,8,76,5.9,18,7,2,6,30,17,2,257,10.5,,,proppbr01
504,Chris Pryor,27,TOT,D,4,0,0,0,0,8,0.1,0,0,0,0,0,0,0,4,0.0,,,pryorch01
504,Chris Pryor,27,MNS,D,3,0,0,0,-1,6,0.0,0,0,0,0,0,0,0,3,0.0,,,pryorch01
504,Chris Pryor,27,NYI,D,1,0,0,0,1,2,0.1,0,0,0,0,0,0,0,1,0.0,,,pryorch01
505,Joel Quenneville,29,HAR,D,77,1,8,9,-13,44,3.7,1,0,0,0,8,0,0,42,2.4,,,quennjo01
506,Dan Quinn,22,PIT,C,70,40,39,79,-8,50,6.7,18,21,1,4,20,18,1,235,17.0,,,quinnda01
507,Ken Quinney,22,QUE,RW,15,2,2,4,-3,5,0.0,1,1,0,0,1,1,0,20,10.0,,,quinnke01
508,Herb Raglan,20,STL,RW,73,10,15,25,-10,190,0.5,10,0,0,2,15,0,0,95,10.5,,,raglahe01
509,Rob Ramage,29,TOT,D,79,9,40,49,-4,164,6.3,3,6,0,0,19,21,0,215,4.2,,,ramagro01
509,Rob Ramage,29,STL,D,67,8,34,42,-20,127,4.7,3,5,0,0,14,20,0,203,3.9,,,ramagro01
509,Rob Ramage,29,CGY,D,12,1,6,7,16,37,1.6,0,1,0,0,5,1,0,12,8.3,,,ramagro01
510,Mike Ramsey,27,BUF,D,63,5,16,21,6,77,3.9,4,1,0,0,8,8,0,94,5.3,,,ramsemi01
511,Craig Redmond,22,LAK,D,2,0,0,0,-4,0,-0.2,0,0,0,0,0,0,0,5,0.0,,,redmocr01
512,Mark Reeds,28,HAR,RW,38,0,7,7,-13,31,-0.6,0,0,0,0,6,0,1,36,0.0,,,reedsma01
513,Joe Reekie,22,BUF,D,30,1,4,5,-3,68,1.0,1,0,0,0,4,0,0,23,4.3,,,reekijo01
514,Dave Reid,23,BOS,LW,3,0,0,0,0,0,-0.1,0,0,0,0,0,0,0,2,0.0,,,reidda02
515,Paul Reinhart,28,CGY,D,14,0,4,4,0,10,0.4,0,0,0,0,0,4,0,22,0.0,,,reinhpa01
516,Jean-Marc Richard,21,QUE,D,4,2,1,3,-3,2,0.3,1,1,0,0,0,1,0,5,40.0,,,richaje01
517,Mike Richard,21,WSH,C,4,0,0,0,-1,0,-0.1,0,0,0,0,0,0,0,5,0.0,,,richami01
518,Luke Richardson,18,TOR,D,78,4,6,10,-25,90,1.3,4,0,0,0,6,0,0,49,8.2,,,richalu01
519,Stéphane Richer,21,MTL,RW,72,50,28,78,12,72,7.9,34,16,0,11,15,13,0,263,19.0,,,richest02
520,Dave Richter,27,VAN,D,49,2,4,6,-5,224,1.8,2,0,0,0,4,0,0,18,11.1,,,richtda01
521,Mike Ridley,24,WSH,C,70,28,31,59,1,22,4.9,16,12,0,3,20,11,0,134,20.9,,,ridlemi01
522,Gary Roberts,21,CGY,LW,74,13,15,28,24,282,1.3,13,0,0,1,15,0,0,118,11.0,,,roberga01
523,Gordie Roberts,30,TOT,D,70,3,15,18,-10,143,3.1,3,0,0,0,14,1,0,52,5.8,,,robergo02
523,Gordie Roberts,30,MNS,D,48,1,10,11,-17,103,1.4,1,0,0,0,9,1,0,33,3.0,,,robergo02
523,Gordie Roberts,30,PHI,D,11,1,2,3,7,15,1.0,1,0,0,0,2,0,0,9,11.1,,,robergo02
523,Gordie Roberts,30,STL,D,11,1,3,4,0,25,0.7,1,0,0,0,3,0,0,10,10.0,,,robergo02
524,Torrie Robertson,26,HAR,LW,63,2,8,10,0,293,-0.3,2,0,0,1,8,0,0,46,4.3,,,roberto01
525,Larry Robinson*,36,MTL,D,53,6,34,40,26,30,6.5,4,2,0,1,22,12,0,96,6.3,,,robinla01
526,Luc Robitaille*,21,LAK,LW,80,53,58,111,-9,82,9.8,36,17,0,6,33,25,0,220,24.1,,,robitlu01
527,Normand Rochefort,27,QUE,D,46,3,10,13,-2,49,2.6,2,0,1,0,4,5,1,70,4.3,,,rocheno01
528,Jeff Rohlicek,22,VAN,LW,7,0,0,0,-4,4,-0.3,0,0,0,0,0,0,0,2,0.0,,,rohlije01
529,Cliff Ronning,22,STL,C,26,5,8,13,6,12,0.8,4,1,0,1,5,3,0,38,13.2,,,ronnicl01
530,Steve Rooney,25,WIN,LW,56,7,6,13,2,217,0.2,7,0,0,0,6,0,0,62,11.3,,,roonest01
531,Bill Root,28,TOT,D,33,1,2,3,-4,22,1.0,0,1,0,0,2,0,0,19,5.3,,,rootbi01
531,Bill Root,28,PHI,D,24,1,2,3,3,16,1.1,0,1,0,0,2,0,0,13,7.7,,,rootbi01
531,Bill Root,28,STL,D,9,0,0,0,-7,6,-0.1,0,0,0,0,0,0,0,6,0.0,,,rootbi01
532,Magnus Roupé,24,PHI,LW,33,2,4,6,-6,32,-0.4,1,1,0,0,3,1,0,37,5.4,,,roupema01
533,Bob Rouse,23,MNS,D,74,0,12,12,-30,168,1.4,0,0,0,0,11,0,1,62,0.0,,,rousebo01
534,Stéphane Roy,20,MNS,C,12,1,0,1,-6,0,-0.3,1,0,0,0,0,0,0,14,7.1,,,royst01
535,Lindy Ruff,27,BUF,D,77,2,23,25,-9,179,3.5,2,0,0,0,16,5,2,106,1.9,,,ruffli01
536,Terry Ruskowski,33,MNS,LW,47,5,12,17,-15,76,0.1,3,2,0,0,9,1,2,33,15.2,,,ruskote01
537,Christian Ruuttu,23,BUF,C,73,26,45,71,-3,85,5.2,17,8,1,4,26,18,1,185,14.1,,,ruuttch01
538,Börje Salming*,36,TOR,D,66,2,24,26,7,82,3.8,1,1,0,0,15,8,1,92,2.2,,,salmibo01
539,Kjell Samuelsson,29,PHI,D,74,6,24,30,28,184,6.2,3,3,0,0,15,9,0,118,5.1,,,samuekj01
540,Ulf Samuelsson,23,HAR,D,76,8,33,41,-10,159,6.7,5,3,0,0,18,14,1,156,5.1,,,samueul01
541,Scott Sandelin,23,MTL,D,8,0,1,1,0,2,0.3,0,0,0,0,0,1,0,5,0.0,,,sandesc01
542,Jim Sandlak,21,VAN,RW,49,16,15,31,-9,81,2.1,10,6,0,2,10,5,0,96,16.7,,,sandlji01
543,Tomas Sandström,23,NYR,RW,69,28,40,68,-6,95,5.1,17,11,0,3,20,20,0,204,13.7,,,sandsto01
544,Everett Sanipass,19,CHI,LW,57,8,12,20,-9,126,0.4,8,0,0,0,8,4,0,55,14.5,,,sanipev01
545,David Saunders,21,VAN,LW,56,7,13,20,-15,10,0.3,6,1,0,3,6,6,1,100,7.0,,,saundda01
546,Denis Savard*,26,CHI,C,80,44,87,131,4,95,11.0,23,14,7,6,33,48,6,270,16.3,,,savarde01
547,Norm Schmidt,25,PIT,D,5,1,2,3,1,0,0.4,1,0,0,0,0,2,0,13,7.7,,,schmino01
548,Mathieu Schneider,18,MTL,D,4,0,0,0,-1,2,0.1,0,0,0,0,0,0,0,2,0.0,,,schnema01
549,Dwight Schofield,31,WIN,LW,18,0,0,0,-3,33,-0.5,0,0,0,0,0,0,0,3,0.0,,,schofdw01
550,Wally Schreiber,25,MNS,RW,16,6,5,11,-4,2,0.8,3,1,2,1,4,1,0,29,20.7,,,schrewa01
551,Glen Seabrooke,20,PHI,LW,6,0,1,1,-1,2,-0.1,0,0,0,0,0,1,0,3,0.0,,,seabrgl01
552,Al Secord,29,TOR,LW,74,15,27,42,-21,221,1.7,13,2,0,0,20,7,0,149,10.1,,,secoral01
553,Dave Semenko,30,TOR,LW,70,2,3,5,-8,107,-1.5,2,0,0,0,2,1,0,12,16.7,,,semenda01
554,George Servinis,25,MNS,LW,5,0,0,0,-2,0,-0.2,0,0,0,0,0,0,0,8,0.0,,,servige01
555,Brendan Shanahan*,19,NJD,RW,65,7,19,26,-20,131,0.3,5,2,0,2,14,5,0,72,9.7,,,shanabr01
556,Jeff Sharples,20,DET,D,56,10,25,35,13,42,5.4,8,2,0,0,11,14,0,94,10.6,,,sharpje01
557,Brad Shaw,23,HAR,D,1,0,0,0,-1,0,0.0,0,0,0,0,0,0,0,1,0.0,,,shawbr01
558,David Shaw,23,NYR,D,68,7,25,32,-8,100,4.7,2,5,0,1,8,17,0,141,5.0,,,shawda01
559,Neil Sheehy,27,TOT,D,62,3,10,13,13,189,3.5,3,0,0,0,9,1,0,40,7.5,,,sheehne01
559,Neil Sheehy,27,CGY,D,36,2,6,8,16,73,1.9,2,0,0,0,6,0,0,27,7.4,,,sheehne01
559,Neil Sheehy,27,HAR,D,26,1,4,5,-3,116,1.5,1,0,0,0,3,1,0,13,7.7,,,sheehne01
560,Ray Sheppard,21,BUF,RW,74,38,27,65,-6,14,5.5,23,15,0,5,19,8,0,173,22.0,,,sheppra01
561,Gord Sherven,24,HAR,C,1,0,0,0,0,0,0.0,0,0,0,0,0,0,0,2,0.0,,,shervgo01
562,Bruce Shoebottom,22,BOS,D,3,0,1,1,-3,0,0.0,0,0,0,0,1,0,0,2,0.0,,,shoebbr01
563,Ron Shudra,20,EDM,D,10,0,5,5,5,6,0.8,0,0,0,0,5,0,0,8,0.0,,,shudrro01
564,Mike Siltala,24,NYR,RW,3,0,0,0,0,0,-0.1,0,0,0,0,0,0,0,3,0.0,,,siltami01
565,Charlie Simmer,33,PIT,LW,50,11,17,28,6,24,1.7,6,5,0,3,10,7,0,58,19.0,,,simmech01
566,Frank Simonetti,25,BOS,D,30,2,3,5,1,19,1.6,2,0,0,1,3,0,0,20,10.0,,,simonfr01
567,Craig Simpson,20,TOT,RW,80,56,34,90,20,77,8.8,34,22,0,8,22,12,0,177,31.6,,,simpscr01
567,Craig Simpson,20,EDM,RW,59,43,21,64,15,43,6.4,25,18,0,5,13,8,0,118,36.4,,,simpscr01
567,Craig Simpson,20,PIT,RW,21,13,13,26,5,34,2.5,9,4,0,3,9,4,0,59,22.0,,,simpscr01
568,Ilkka Sinisalo,29,PHI,RW,68,25,17,42,2,30,3.2,17,6,2,4,10,7,0,148,16.9,,,sinisil01
569,Ville Sirén,23,PIT,D,58,1,20,21,14,62,3.5,1,0,0,0,11,9,0,53,1.9,,,sirenvi01
570,Petri Skriko,25,VAN,LW,73,30,34,64,-12,32,5.0,18,10,2,2,23,10,1,172,17.4,,,skrikpe01
571,Brian Skrudland,24,MTL,C,79,12,24,36,14,112,1.9,11,0,1,3,23,0,1,96,12.5,,,skrudbr01
572,Doug Smail,30,WIN,LW,71,15,16,31,5,34,1.9,12,0,3,5,16,0,0,110,13.6,,,smaildo01
573,Bobby Smith,29,MTL,C,78,27,66,93,13,78,7.2,19,8,0,4,41,25,0,198,13.6,,,smithbo01
574,Derrick Smith,23,PHI,LW,76,16,8,24,-20,104,0.4,16,0,0,1,8,0,0,155,10.3,,,smithde04
575,Doug Smith,24,BUF,C,70,9,19,28,-10,117,0.6,8,1,0,0,12,6,1,136,6.6,,,smithdo03
576,Greg Smith,32,WSH,D,54,1,6,7,5,67,3.1,1,0,0,0,5,0,1,31,3.2,,,smithgr01
577,Steve Smith,24,EDM,D,79,12,43,55,40,286,8.2,7,5,0,1,35,8,0,116,10.3,,,smithst05
578,Stan Smyl,30,VAN,RW,57,12,25,37,-5,110,2.2,6,5,1,0,20,5,0,96,12.5,,,smylst01
579,Greg Smyth,21,PHI,D,48,1,6,7,-2,192,1.8,1,0,0,0,6,0,0,29,3.4,,,smythgr01
580,Harold Snepsts,33,DET,D,31,1,4,5,3,67,1.4,1,0,0,0,4,0,0,20,5.0,,,snepsha01
581,Daryl Stanley,25,VAN,D,57,2,7,9,-12,151,1.9,2,0,0,0,7,0,0,27,7.4,,,stanlda01
582,Mike Stapleton,21,CHI,C,53,2,9,11,-10,59,-0.6,2,0,0,1,7,2,0,50,4.0,,,staplmi01
583,Anton Šťastný,28,QUE,RW,69,27,45,72,-9,14,5.2,12,15,0,4,20,25,0,177,15.3,,,stastan01
584,Peter Šťastný*,31,QUE,C,76,46,65,111,2,69,9.5,26,20,0,2,26,37,2,199,23.1,,,stastpe01
585,Thomas Steen,27,WIN,C,76,16,38,54,-11,53,3.1,12,3,1,1,30,8,0,167,9.6,,,steenth01
586,Ronnie Stern,21,VAN,RW,15,0,0,0,-7,52,-0.5,0,0,0,0,0,0,0,7,0.0,,,sternro01
587,John Stevens,21,PHI,D,3,0,0,0,-1,0,0.0,0,0,0,0,0,0,0,0,,,,stevejo01
588,Kevin Stevens,22,PIT,LW,16,5,2,7,-6,8,0.3,3,2,0,0,1,1,0,22,22.7,,,steveke01
589,Mike Stevens,22,BOS,RW,7,0,1,1,0,9,-0.1,0,0,0,0,1,0,0,5,0.0,,,stevemi01
590,Scott Stevens*,23,WSH,D,80,12,60,72,14,184,10.3,6,5,1,2,29,31,0,231,5.2,,,stevesc01
591,Allan Stewart,24,NJD,LW,1,0,0,0,2,0,0.0,0,0,0,0,0,0,0,0,,,,stewaal01
592,Trevor Stienburg,21,QUE,RW,8,0,1,1,-1,24,-0.1,0,0,0,0,1,0,0,3,0.0,,,stientr01
593,Mike Stothers,25,TOT,D,21,0,1,1,-7,55,0.2,0,0,0,0,1,0,0,0,,,,stothmi01
593,Mike Stothers,25,TOR,D,18,0,1,1,-6,42,0.1,0,0,0,0,1,0,0,0,,,,stothmi01
593,Mike Stothers,25,PHI,D,3,0,0,0,-1,13,0.0,0,0,0,0,0,0,0,0,,,,stothmi01
594,Doug Sulliman,28,NJD,RW,59,16,14,30,-8,22,1.7,7,8,1,0,9,2,3,89,18.0,,,sullido01
595,Raimo Summanen,25,VAN,LW,9,2,3,5,-4,2,0.2,2,0,0,0,3,0,0,11,18.2,,,summara01
596,Patrik Sundström,26,NJD,C,78,15,36,51,-16,42,2.5,5,9,1,0,22,13,1,126,11.9,,,sundspa01
597,Peter Sundström,26,WSH,LW,76,8,17,25,-2,34,0.7,7,0,1,1,17,0,0,89,9.0,,,sundspe01
598,Gary Suter,23,CGY,D,75,21,70,91,39,124,11.1,14,6,1,3,31,37,2,204,10.3,,,suterga01
599,Brent Sutter,25,NYI,C,70,29,31,60,13,55,5.1,16,11,2,2,21,9,1,162,17.9,,,suttebr02
600,Brian Sutter,31,STL,LW,76,15,22,37,-16,147,1.5,10,4,1,2,13,5,4,99,15.2,,,suttebr01
601,Duane Sutter,27,CHI,RW,37,7,9,16,2,70,0.9,4,3,0,0,8,1,0,74,9.5,,,suttedu01
602,Rich Sutter,24,VAN,RW,80,15,15,30,-4,165,1.4,12,2,1,2,13,1,1,132,11.4,,,sutteri01
603,Ron Sutter,24,PHI,C,69,8,25,33,-9,146,1.0,7,1,0,0,23,0,2,107,7.5,,,suttero01
604,Petr Svoboda,21,MTL,D,69,7,22,29,46,149,7.4,5,2,0,1,17,5,0,138,5.1,,,svobope01
605,Bob Sweeney,24,BOS,C,80,22,23,45,11,73,3.2,16,6,0,7,20,3,0,118,18.6,,,sweenbo01
606,Phil Sykes,28,LAK,LW,40,9,12,21,5,82,1.3,5,3,1,0,11,0,1,61,14.8,,,sykesph01
607,Peter Taglianetti,24,WIN,D,70,6,17,23,-13,182,3.7,4,2,0,1,6,10,1,92,6.5,,,taglipe01
608,Ron Talakoski,25,NYR,RW,6,0,1,1,0,12,-0.1,0,0,0,0,1,0,0,6,0.0,,,talakro01
609,Steve Tambellini,29,VAN,LW,41,11,10,21,-17,8,1.0,7,3,1,1,5,5,0,91,12.1,,,tambest01
610,Tony Tanti,24,VAN,RW,73,40,37,77,-1,90,7.0,20,20,0,4,25,12,0,202,19.8,,,tantito01
611,Dave Taylor,32,LAK,RW,68,26,41,67,-4,129,5.0,17,9,0,2,24,17,0,149,17.4,,,tayloda01
612,Greg Terrion,27,TOR,LW,59,4,16,20,-6,65,0.1,3,1,0,1,13,0,3,57,7.0,,,terrigr01
613,Bill Terry,26,MNS,C,5,0,0,0,-4,0,-0.2,0,0,0,0,0,0,0,3,0.0,,,terrybi01
614,Michael Thelvén,27,BOS,D,67,6,25,31,12,57,5.7,5,1,0,1,16,9,0,106,5.7,,,thelvmi01
615,Gilles Thibaudeau,24,MTL,C,17,5,6,11,6,0,0.9,3,2,0,1,5,1,0,25,20.0,,,thibagi01
616,Steve Thomas,24,CHI,LW,30,13,13,26,1,40,2.2,8,5,0,3,9,4,0,69,18.8,,,thomast01
617,Esa Tikkanen,23,EDM,LW,80,23,51,74,21,153,5.2,16,6,1,2,33,17,1,142,16.2,,,tikkaes01
618,Mark Tinordi,21,NYR,D,24,1,2,3,-5,50,0.8,1,0,0,0,2,0,0,13,7.7,,,tinorma01
619,Dave Tippett,26,HAR,LW,80,16,21,37,-4,32,2.2,13,1,2,2,19,2,0,126,12.7,,,tippeda01
620,Rick Tocchet,23,PHI,RW,65,31,33,64,3,299,5.4,19,10,2,3,22,11,0,182,17.0,,,tocchri01
621,Kirk Tomlinson,19,MNS,C,1,0,0,0,0,0,0.0,0,0,0,0,0,0,0,0,,,,tomliki01
622,John Tonelli,30,CGY,LW,74,17,41,58,10,84,3.4,11,6,0,1,28,13,0,128,13.3,,,toneljo01
623,Tim Tookey,27,LAK,C,20,1,6,7,-2,8,0.0,1,0,0,0,6,0,0,28,3.6,,,tooketi01
624,Larry Trader,24,TOT,D,31,2,4,6,1,21,1.6,1,1,0,0,3,1,0,19,10.5,,,tradela01
624,Larry Trader,24,MTL,D,30,2,4,6,2,19,1.7,1,1,0,0,3,1,0,18,11.1,,,tradela01
624,Larry Trader,24,STL,D,1,0,0,0,-1,2,0.0,0,0,0,0,0,0,0,1,0.0,,,tradela01
625,Bryan Trottier*,31,NYI,C,77,30,52,82,10,48,6.5,15,15,0,3,32,17,3,176,17.0,,,trottbr01
626,John Tucker,23,BUF,C,45,19,19,38,4,20,3.2,13,6,0,0,11,8,0,93,20.4,,,tuckejo01
627,Allan Tuer,24,MNS,D,6,1,0,1,-3,29,0.2,1,0,0,0,0,0,0,1,100.0,,,tueral01
628,Alfie Turcotte,22,WIN,C,3,0,0,0,-4,0,-0.2,0,0,0,0,0,0,0,3,0.0,,,turcoal01
629,Pierre Turgeon*,18,BUF,C,76,14,28,42,-8,34,1.9,6,8,0,3,19,9,0,101,13.9,,,turgepi01
630,Sylvain Turgeon,23,HAR,LW,71,23,26,49,-5,71,3.8,10,13,0,3,16,10,0,247,9.3,,,turgesy01
631,Perry Turnbull,28,STL,LW,51,10,9,19,8,82,1.1,10,0,0,2,9,0,0,62,16.1,,,turnbpe01
632,Rick Vaive,28,CHI,RW,76,43,26,69,-20,108,5.8,24,19,0,6,15,11,0,229,18.8,,,vaiveri01
633,Wayne Van Dorp,26,PIT,LW,25,1,3,4,2,75,-0.3,1,0,0,0,3,0,0,15,6.7,,,vandowa01
634,Darren Veitch,27,DET,D,63,7,33,40,11,45,5.6,3,4,0,1,18,12,3,156,4.5,,,veitcda01
635,Randy Velischek,25,NJD,D,51,3,9,12,-13,66,2.0,2,0,1,0,8,1,0,39,7.7,,,velisra01
636,Mike Vellucci,21,HAR,D,2,0,0,0,-1,11,0.0,0,0,0,0,0,0,0,2,0.0,,,vellumi01
637,Pat Verbeek,23,NJD,RW,73,46,31,77,29,227,8.1,33,13,0,8,15,14,2,179,25.7,,,verbepa01
638,Leigh Verstraete,26,TOR,RW,3,0,1,1,-2,9,-0.1,0,0,0,0,1,0,0,0,,,,verstle01
639,Claude Vilgrain,24,VAN,LW,6,1,1,2,-3,0,0.0,1,0,0,0,1,0,0,7,14.3,,,vilgrcl01
640,Dan Vincelette,20,CHI,LW,69,6,11,17,-15,109,-0.4,4,2,0,0,8,3,0,67,9.0,,,vinceda01
641,Emanuel Viveiros,22,MNS,D,24,1,9,10,-5,6,1.2,1,0,0,0,4,5,0,35,2.9,,,viveiem01
642,Mick Vukota,21,NYI,RW,17,1,0,1,1,82,-0.3,1,0,0,0,0,0,0,7,14.3,,,vukotmi01
643,Gord Walker,22,NYR,LW,18,1,4,5,-8,17,-0.2,1,0,0,0,4,0,0,23,4.3,,,walkego01
644,Mike Walsh,25,NYI,LW,1,0,0,0,0,0,0.0,0,0,0,0,0,0,0,2,0.0,,,walshmi01
645,Ryan Walter,29,MTL,LW,61,13,23,36,12,39,2.4,7,6,0,3,19,4,0,93,14.0,,,waltery01
646,Bill Watson,23,CHI,RW,9,2,0,2,-5,0,-0.1,2,0,0,0,0,0,0,7,28.6,,,watsobi01
647,Tim Watters,28,WIN,D,36,0,0,0,-12,106,0.5,0,0,0,0,0,0,0,21,0.0,,,watteti01
648,Jay Wells,28,LAK,D,58,2,23,25,-3,159,2.9,1,1,0,0,12,9,2,76,2.6,,,wellsja01
649,Glen Wesley,19,BOS,D,79,7,30,37,21,69,7.1,4,1,2,0,17,11,2,158,4.4,,,weslegl01
650,Simon Wheeldon,21,NYR,C,5,0,1,1,-2,4,-0.1,0,0,0,0,1,0,0,2,0.0,,,wheelsi01
651,Rob Whistle,26,STL,D,19,3,3,6,0,6,1.3,3,0,0,1,3,0,0,17,17.6,,,whistro01
652,Doug Wickenheiser,26,VAN,C,80,7,19,26,-15,36,0.2,5,0,2,2,17,1,1,123,5.7,,,wickedo01
653,Jim Wiemer,27,EDM,D,12,1,2,3,7,15,0.8,1,0,0,0,1,1,0,24,4.2,,,wiemeji01
654,Tiger Williams,33,TOT,LW,28,6,0,6,3,93,0.4,5,1,0,1,0,0,0,33,18.2,,,williti01
654,Tiger Williams,33,HAR,LW,26,6,0,6,2,87,0.4,5,1,0,1,0,0,0,31,19.4,,,williti01
654,Tiger Williams,33,LAK,LW,2,0,0,0,1,6,0.0,0,0,0,0,0,0,0,2,0.0,,,williti01
655,Behn Wilson,29,CHI,D,58,6,23,29,-19,166,3.0,3,3,0,0,9,14,0,103,5.8,,,wilsobe02
656,Carey Wilson,25,TOT,C,70,27,41,68,-3,40,5.1,16,10,1,9,30,11,0,138,19.6,,,wilsoca01
656,Carey Wilson,25,HAR,C,36,18,20,38,-5,22,3.3,10,7,1,6,13,7,0,77,23.4,,,wilsoca01
656,Carey Wilson,25,CGY,C,34,9,21,30,2,18,1.8,6,3,0,3,17,4,0,61,14.8,,,wilsoca01
657,Doug Wilson*,30,CHI,D,27,8,24,32,-17,28,2.7,1,6,1,1,3,20,1,87,9.2,,,wilsodo01
658,Rik Wilson,25,CHI,D,14,4,5,9,4,6,1.5,4,0,0,1,2,3,0,27,14.8,,,wilsori02
659,Ron Wilson,31,WIN,C,69,5,8,13,-1,28,-0.3,3,0,2,0,7,0,1,80,6.3,,,wilsoro03
660,Ron Wilson,32,MNS,D,24,2,12,14,-4,16,1.7,1,1,0,0,5,7,0,40,5.0,,,wilsoro02
661,Craig Wolanin,20,NJD,D,78,6,25,31,0,170,5.1,4,1,1,3,19,6,0,113,5.3,,,wolancr01
662,Randy Wood,24,NYI,LW,75,22,16,38,-2,80,2.3,21,0,1,2,15,1,0,106,20.8,,,woodra01
663,Dan Woodley,20,VAN,C,5,2,0,2,1,17,0.2,2,0,0,0,0,0,0,3,66.7,,,woodlda01
664,Ken Yaremchuk,24,TOR,C,16,2,5,7,-7,10,0.1,2,0,0,0,3,2,0,14,14.3,,,yaremke01
665,Trent Yawney,22,CHI,D,15,2,8,10,1,15,1.3,0,2,0,0,2,6,0,26,7.7,,,yawnetr01
666,Scott Young,20,HAR,RW,7,0,0,0,-6,2,-0.3,0,0,0,0,0,0,0,6,0.0,,,youngsc01
667,Warren Young,32,PIT,LW,7,0,0,0,-4,15,-0.3,0,0,0,0,0,0,0,3,0.0,,,youngwa01
668,Steve Yzerman*,22,DET,C,64,50,52,102,30,44,10.4,34,10,6,6,27,24,1,242,20.7,,,yzermst01
669,Zarley Zalapski,19,PIT,D,15,3,8,11,10,7,1.9,3,0,0,0,3,4,1,31,9.7,,,zalapza01
670,Richard Zemlak,24,MNS,RW,54,1,4,5,-15,307,-1.2,1,0,0,0,4,0,0,19,5.3,,,zemlari01
671,Peter Zezel,22,PHI,C,69,22,35,57,7,42,4.2,8,14,0,1,21,14,0,133,16.5,,,zezelpe01
672,Rick Zombo,24,DET,D,62,3,14,17,24,96,4.3,3,0,0,2,12,0,2,48,6.3,,,zombori01