Rk,Player,Age,Tm,Pos,GP,G,A,PTS,+/-,PIM,PS,EV,PP,SH,GW,EV,PP,SH,S,S%,TOI,ATOI,-9999
1,Keith Acton,27,MNS,C,79,26,32,58,-12,100,3.4,19,5,2,2,23,7,2,169,15.4,,,actonke01
2,Greg Adams,25,WSH,LW,78,18,38,56,24,152,3.8,15,3,0,2,27,11,0,150,12.0,,,adamsgr01
3,Greg Adams,22,NJD,C,78,35,42,77,-7,30,5.3,25,10,0,2,31,11,0,202,17.3,,,adamsgr02
4,Mike Allison,24,NYR,LW,28,2,13,15,4,22,0.6,2,0,0,0,13,0,0,26,7.7,,,allismi01
5,Glenn Anderson*,25,EDM,RW,72,54,48,102,38,90,8.9,34,18,2,9,33,15,0,242,22.3,,,andergl01
6,John Anderson,28,TOT,LW,79,29,45,74,18,28,5.5,17,9,3,6,22,22,1,239,12.1,,,anderjo01
6,John Anderson,28,QUE,RW,65,21,28,49,0,26,3.1,10,8,3,5,11,16,1,190,11.1,,,anderjo01
6,John Anderson,28,HAR,LW,14,8,17,25,18,2,2.4,7,1,0,1,11,6,0,49,16.3,,,anderjo01
7,Perry Anderson,24,NJD,LW,51,7,12,19,-7,91,0.2,6,1,0,1,12,0,0,61,11.5,,,anderpe01
8,Mikael Andersson,19,BUF,LW,32,1,9,10,-1,4,0.0,1,0,0,0,8,1,0,13,7.7,,,andermi01
9,Peter Andersson,23,TOT,D,73,7,24,31,0,40,5.4,3,4,0,3,12,12,0,100,7.0,,,anderpe02
9,Peter Andersson,23,WSH,D,61,6,16,22,-8,36,3.8,3,3,0,3,8,8,0,84,7.1,,,anderpe02
9,Peter Andersson,23,QUE,D,12,1,8,9,8,4,1.5,0,1,0,0,4,4,0,16,6.3,,,anderpe02
10,Dave Andreychuk*,22,BUF,RW,80,36,51,87,3,61,6.7,24,12,0,3,33,18,0,226,15.9,,,andreda01
11,Jim Archibald,24,MNS,RW,11,0,0,0,-3,32,-0.4,0,0,0,0,0,0,0,7,0.0,,,archiji01
12,Scott Arniel,23,WIN,LW,80,18,25,43,-9,40,2.0,15,3,0,0,21,4,0,125,14.4,,,arniesc01
13,Brent Ashton,25,QUE,LW,77,26,32,58,7,66,4.0,19,5,2,5,25,7,0,207,12.6,,,ashtobr01
14,Dave Babych,24,TOT,D,81,14,55,69,1,50,8.2,4,9,1,2,25,27,3,205,6.8,,,babycda01
14,Dave Babych,24,HAR,D,62,10,43,53,2,36,6.3,2,7,1,2,18,22,3,152,6.6,,,babycda01
14,Dave Babych,24,WIN,D,19,4,12,16,-1,14,1.9,2,2,0,0,7,5,0,53,7.5,,,babycda01
15,Wayne Babych,27,TOT,RW,54,17,22,39,6,77,2.6,14,3,0,2,16,6,0,97,17.5,,,babycwa01
15,Wayne Babych,27,HAR,RW,37,11,17,28,7,59,1.9,9,2,0,2,12,5,0,65,16.9,,,babycwa01
15,Wayne Babych,27,QUE,RW,15,6,5,11,0,18,0.8,5,1,0,0,4,1,0,32,18.8,,,babycwa01
15,Wayne Babych,27,PIT,RW,2,0,0,0,-1,0,-0.1,0,0,0,0,0,0,0,0,,,,babycwa01
16,Normand Baron,28,STL,LW,23,2,0,2,-6,39,-0.5,2,0,0,0,0,0,0,13,15.4,,,baronno01
17,Dave Barr,25,STL,RW,72,13,38,51,11,70,2.8,13,0,0,2,31,7,0,107,12.1,,,barrda01
18,John Barrett,27,TOT,D,79,2,15,17,-32,137,2.0,2,0,0,0,14,1,0,67,3.0,,,barrejo01
18,John Barrett,27,DET,D,65,2,12,14,-35,125,1.1,2,0,0,0,11,1,0,60,3.3,,,barrejo01
18,John Barrett,27,WSH,D,14,0,3,3,3,12,0.9,0,0,0,0,3,0,0,7,0.0,,,barrejo01
19,Robin Bartel,24,CGY,D,1,0,0,0,-1,0,0.0,0,0,0,0,0,0,0,0,,,,bartero01
20,Bob Bassen,20,NYI,C,11,2,1,3,0,6,0.0,2,0,0,0,1,0,0,5,40.0,,,bassebo01
21,Paul Baxter,30,CGY,D,47,4,3,7,4,194,1.8,3,0,1,0,3,0,0,41,9.8,,,baxtepa01
22,Yves Beaudoin,21,WSH,D,4,0,0,0,-4,0,-0.1,0,0,0,0,0,0,0,7,0.0,,,beaudyv01
23,Barry Beck,28,NYR,D,25,4,8,12,7,24,2.4,1,3,0,1,3,5,0,53,7.5,,,beckba01
24,Eddy Beers,26,TOT,LW,57,18,21,39,-5,32,2.2,10,8,0,1,16,5,0,135,13.3,,,beersed01
24,Eddy Beers,26,CGY,LW,33,11,10,21,-2,8,1.2,7,4,0,1,7,3,0,83,13.3,,,beersed01
24,Eddy Beers,26,STL,LW,24,7,11,18,-3,24,1.0,3,4,0,0,9,2,0,52,13.5,,,beersed01
25,Bruce Bell,20,STL,D,75,2,18,20,4,43,4.3,0,2,0,0,7,11,0,95,2.1,,,bellbr01
26,Neil Belland,24,VAN,D,7,1,2,3,-2,4,0.5,0,1,0,1,0,2,0,10,10.0,,,bellane01
27,Brian Bellows,21,MNS,RW,77,31,48,79,16,46,5.9,18,11,2,2,31,16,1,256,12.1,,,bellobr01
28,Jim Benning,22,TOR,D,52,4,21,25,-5,71,3.0,2,2,0,0,11,10,0,76,5.3,,,benniji01
29,Perry Berezan,21,CGY,C,55,12,21,33,20,39,2.0,10,0,2,3,19,0,2,117,10.3,,,berezpe01
30,Marc Bergevin,20,CBH,D,71,7,7,14,3,60,2.8,7,0,0,1,6,0,1,50,14.0,,,bergema01
31,Bo Berglund,30,TOT,RW,10,2,2,4,0,6,0.1,2,0,0,0,2,0,0,11,18.2,,,berglbo01
31,Bo Berglund,30,PHI,RW,7,0,2,2,0,4,-0.1,0,0,0,0,2,0,0,5,0.0,,,berglbo01
31,Bo Berglund,30,MNS,RW,3,2,0,2,0,2,0.2,2,0,0,0,0,0,0,6,33.3,,,berglbo01
32,Brad Berry,20,WIN,D,13,1,0,1,1,10,0.6,1,0,0,0,0,0,0,15,6.7,,,berrybr01
33,Scott Bjugstad,24,MNS,LW,80,43,33,76,6,24,6.2,27,14,2,7,20,11,2,217,19.8,,,bjugssc01
34,Mike Blaisdell,26,PIT,RW,66,15,14,29,15,36,1.8,15,0,0,0,12,2,0,124,12.1,,,blaismi01
35,John Blum,26,BOS,D,61,1,7,8,8,80,3.2,1,0,0,0,7,0,0,34,2.9,,,blumjo01
36,Doug Bodger,19,PIT,D,79,4,33,37,3,63,5.7,3,1,0,1,15,16,2,140,2.9,,,bodgedo01
37,Serge Boisvert,26,MTL,RW,9,2,2,4,1,2,0.2,2,0,0,0,2,0,0,18,11.1,,,boisvse01
38,Laurie Boschman,25,WIN,C,77,27,42,69,-27,241,4.1,22,3,2,2,30,12,0,158,17.1,,,boschla01
39,Mike Bossy*,29,NYI,RW,80,61,62,123,30,14,11.0,39,21,1,9,43,18,1,302,20.2,,,bossymi01
40,Tim Bothwell,30,HAR,D,62,2,8,10,11,53,3.3,2,0,0,0,8,0,0,50,4.0,,,bothwti01
41,Bruce Boudreau,31,CBH,C,7,1,0,1,1,2,0.0,1,0,0,0,0,0,0,3,33.3,,,boudrbr01
42,Charlie Bourgeois,26,TOT,D,60,7,12,19,17,244,4.3,6,1,0,1,11,0,1,64,10.9,,,bourgch01
42,Charlie Bourgeois,26,STL,D,31,2,7,9,8,116,2.2,1,1,0,1,6,0,1,34,5.9,,,bourgch01
42,Charlie Bourgeois,26,CGY,D,29,5,5,10,9,128,2.0,5,0,0,0,5,0,0,30,16.7,,,bourgch01
43,Bob Bourne,31,NYI,LW,62,17,15,32,-8,36,1.4,15,2,0,5,13,2,0,100,17.0,,,bournbo01
44,Phil Bourque,23,PIT,D,4,0,0,0,-2,2,0.0,0,0,0,0,0,0,0,0,,,,bourqph01
45,Ray Bourque*,25,BOS,D,74,19,58,77,17,68,10.1,8,11,0,3,22,34,2,289,6.6,,,bourqra01
46,Paul Boutilier,22,NYI,D,77,4,30,34,-4,100,4.4,4,0,0,0,19,11,0,124,3.2,,,boutipa01
47,Randy Boyd,24,NYI,D,55,2,12,14,9,79,3.0,2,0,0,0,9,2,1,52,3.8,,,boydra01
48,Steve Bozek,25,CGY,LW,64,21,22,43,26,24,3.2,12,5,4,3,14,5,3,147,14.3,,,bozekst01
49,Brian Bradley,21,CGY,C,5,0,1,1,-3,0,-0.2,0,0,0,0,1,0,0,4,0.0,,,bradlbr01
50,Dan Brennan,23,LAK,LW,6,0,1,1,-1,9,-0.1,0,0,0,0,1,0,0,6,0.0,,,brennda01
51,Mel Bridgman,30,NJD,LW,78,23,40,63,-3,80,3.7,17,5,1,1,27,12,1,135,17.0,,,bridgme01
52,Bob Brooke,25,NYR,RW,79,24,20,44,6,111,2.9,16,6,2,1,15,3,2,178,13.5,,,brookbo01
53,Aaron Broten,25,NJD,LW,66,18,25,43,2,26,2.4,14,4,0,1,18,7,0,157,11.5,,,broteaa01
54,Neal Broten,26,MNS,C,80,29,76,105,14,47,7.4,23,6,0,0,44,32,0,193,15.0,,,brotene01
55,Dave Brown,23,PHI,RW,76,10,7,17,8,277,0.0,10,0,0,1,6,1,0,74,13.5,,,brownda01
56,Jeff Brown,19,QUE,D,8,3,2,5,5,6,1.1,3,0,0,0,2,0,0,16,18.8,,,brownje02
57,Keith Brown,25,CBH,D,70,11,29,40,-7,87,4.4,9,1,1,0,16,13,0,151,7.3,,,brownke02
58,Jack Brownschidle,30,HAR,D,9,0,0,0,-4,4,0.1,0,0,0,0,0,0,0,7,0.0,,,brownja01
59,Jeff Brubaker,27,TOT,LW,25,1,0,1,1,79,-0.5,1,0,0,0,0,0,0,12,8.3,,,brubaje01
59,Jeff Brubaker,27,TOR,LW,21,0,0,0,0,67,-0.6,0,0,0,0,0,0,0,8,0.0,,,brubaje01
59,Jeff Brubaker,27,EDM,LW,4,1,0,1,1,12,0.0,1,0,0,0,0,0,0,4,25.0,,,brubaje01
60,David Bruce,21,VAN,RW,12,0,1,1,-2,14,-0.2,0,0,0,0,1,0,0,17,0.0,,,bruceda01
61,Murray Brumwell,25,NJD,D,1,0,0,0,-1,0,0.0,0,0,0,0,0,0,0,3,0.0,,,brumwmu01
62,Jiří Bubla,36,VAN,D,43,6,24,30,-26,30,2.9,2,4,0,1,11,12,1,62,9.7,,,bublaji01
63,Randy Bucyk,23,MTL,C,17,4,2,6,5,8,0.4,4,0,0,0,2,0,0,21,19.0,,,bucykra01
64,Mike Bullard,24,PIT,C,77,41,42,83,-17,69,6.2,23,16,2,5,24,16,2,216,19.0,,,bullami01
65,Shawn Burr,19,DET,C,5,1,0,1,1,4,0.0,0,1,0,0,0,0,0,6,16.7,,,burrsh01
66,Randy Burridge,20,BOS,LW,52,17,25,42,16,28,3.1,16,1,0,2,15,9,1,90,18.9,,,burrira01
67,Rod Buskas,25,PIT,D,72,2,7,9,-9,159,2.8,1,1,0,0,7,0,0,49,4.1,,,buskaro01
68,Garth Butcher,23,VAN,D,70,4,7,11,-26,188,2.5,4,0,0,0,7,0,0,57,7.0,,,butchga01
69,Lyndon Byers,21,BOS,RW,5,0,2,2,1,9,0.0,0,0,0,0,2,0,0,1,0.0,,,byersly01
70,Wade Campbell,25,TOT,D,32,0,1,1,-11,42,0.5,0,0,0,0,1,0,0,13,0.0,,,campbwa01
70,Wade Campbell,25,WIN,D,24,0,1,1,-12,27,0.1,0,0,0,0,1,0,0,13,0.0,,,campbwa01
70,Wade Campbell,25,BOS,D,8,0,0,0,1,15,0.3,0,0,0,0,0,0,0,0,,,,campbwa01
71,Dom Campedelli,21,MTL,D,2,0,0,0,-2,0,0.0,0,0,0,0,0,0,0,1,0.0,,,campedo01
72,Guy Carbonneau*,25,MTL,C,80,20,36,56,17,57,3.7,17,1,2,3,33,0,3,147,13.6,,,carbogu01
73,Kent Carlson,24,TOT,D,28,2,3,5,2,42,1.5,2,0,0,0,3,0,0,14,14.3,,,carlske01
73,Kent Carlson,24,STL,D,26,2,3,5,2,42,1.5,2,0,0,0,3,0,0,14,14.3,,,carlske01
73,Kent Carlson,24,MTL,D,2,0,0,0,0,0,0.1,0,0,0,0,0,0,0,0,,,,carlske01
74,Randy Carlyle,29,WIN,D,68,16,33,49,-11,93,5.9,13,3,0,2,18,14,1,152,10.5,,,carlyra01
75,Bobby Carpenter,22,WSH,C,80,27,29,56,-12,105,3.4,20,7,0,3,20,9,0,205,13.2,,,carpebo01
76,Billy Carroll,27,TOT,C,26,2,6,8,-5,11,-0.1,2,0,0,0,5,0,1,13,15.4,,,carrobi01
76,Billy Carroll,27,DET,C,21,2,4,6,-7,11,-0.1,2,0,0,0,3,0,1,13,15.4,,,carrobi01
76,Billy Carroll,27,EDM,C,5,0,2,2,2,0,0.0,0,0,0,0,2,0,0,0,,,,carrobi01
77,Lindsay Carson,25,PHI,LW,50,9,12,21,11,84,1.0,9,0,0,0,12,0,0,59,15.3,,,carsoli01
78,John Carter,22,BOS,LW,3,0,0,0,0,0,-0.1,0,0,0,0,0,0,0,2,0.0,,,cartejo01
79,Bruce Cassidy,20,CBH,D,1,0,0,0,0,0,0.0,0,0,0,0,0,0,0,2,0.0,,,cassibr01
80,Gino Cavallini,23,TOT,LW,57,13,12,25,-7,62,0.8,8,5,0,0,9,3,0,95,13.7,,,cavalgi01
80,Gino Cavallini,23,STL,LW,30,6,5,11,-3,36,0.3,5,1,0,0,5,0,0,44,13.6,,,cavalgi01
80,Gino Cavallini,23,CGY,LW,27,7,7,14,-4,26,0.5,3,4,0,0,4,3,0,51,13.7,,,cavalgi01
81,John Chabot,23,PIT,C,77,14,31,45,1,6,2.2,11,1,2,3,28,1,2,89,15.7,,,chabojo01
82,Todd Charlesworth,20,PIT,D,2,0,1,1,-1,0,0.1,0,0,0,0,1,0,0,1,0.0,,,charlto01
83,Chris Chelios*,24,MTL,D,41,8,26,34,6,67,4.8,6,2,0,0,9,15,2,101,7.9,,,chelich01
84,Dave Christian,26,WSH,RW,80,41,42,83,2,15,6.6,21,18,2,4,22,17,3,218,18.8,,,chrisda01
85,Dino Ciccarelli*,25,MNS,RW,75,44,45,89,12,51,7.4,25,19,0,5,36,9,0,262,16.8,,,ciccadi01
86,Chris Cichocki,22,DET,RW,59,10,11,21,-8,21,0.5,8,1,1,0,9,2,0,76,13.2,,,cichoch01
87,Joe Cirella,22,NJD,D,66,6,23,29,-11,147,3.3,4,2,0,0,14,9,0,89,6.7,,,cireljo01
88,Wendel Clark,19,TOR,LW,66,34,11,45,-27,227,3.1,30,4,0,3,9,2,0,164,20.7,,,clarkwe01
89,Glen Cochrane,28,VAN,D,49,0,3,3,-4,125,2.0,0,0,0,0,3,0,0,24,0.0,,,cochrgl01
90,Paul Coffey*,24,EDM,D,79,48,90,138,61,120,16.1,30,9,9,2,60,25,5,308,15.6,,,coffepa01
91,Pat Conacher,26,NJD,C,2,0,2,2,0,2,0.1,0,0,0,0,2,0,0,3,0.0,,,conacpa01
92,Yvon Corriveau,18,WSH,LW,2,0,0,0,-1,0,-0.1,0,0,0,0,0,0,0,3,0.0,,,corriyv01
93,Shayne Corson,19,MTL,C,3,0,0,0,-3,2,-0.2,0,0,0,0,0,0,0,1,0.0,,,corsosh01
94,Rich Costello,22,TOR,C,2,0,1,1,0,0,0.0,0,0,0,0,1,0,0,2,0.0,,,costeri01
95,Alain Côté,28,QUE,LW,78,13,21,34,-3,29,1.2,10,0,3,2,20,0,1,120,10.8,,,coteal01
96,Alain Côté,18,BOS,D,32,0,6,6,6,14,1.9,0,0,0,0,6,0,0,15,0.0,,,coteal02
97,Sylvain Côté,20,HAR,D,2,0,0,0,1,0,0.1,0,0,0,0,0,0,0,0,,,,cotesy01
98,Tim Coulis,27,MNS,LW,19,2,2,4,-5,73,-0.2,2,0,0,0,2,0,0,13,15.4,,,couliti01
99,Neal Coulter,23,NYI,RW,16,3,4,7,0,4,0.2,3,0,0,0,4,0,0,17,17.6,,,coultne01
100,Yves Courteau,21,CGY,RW,4,1,1,2,1,0,0.1,1,0,0,0,1,0,0,7,14.3,,,courtyv01
101,Geoff Courtnall,23,BOS,LW,64,21,16,37,-2,61,2.3,19,2,0,4,12,4,0,162,13.0,,,courtge01
102,Russ Courtnall,20,TOR,C,73,22,38,60,-2,52,3.7,18,3,1,4,34,4,0,204,10.8,,,courtru01
103,Craig Coxe,22,VAN,C,57,3,5,8,-13,176,-0.8,2,1,0,0,5,0,0,48,6.3,,,coxecr01
104,Murray Craven,21,PHI,LW,78,21,33,54,22,34,3.6,19,2,0,7,28,5,0,182,11.5,,,cravemu01
105,Bob Crawford,26,TOT,RW,68,15,22,37,-13,26,1.5,11,4,0,2,19,3,0,126,11.9,,,crawfbo01
105,Bob Crawford,26,HAR,RW,57,14,20,34,-15,16,1.4,10,4,0,2,17,3,0,111,12.6,,,crawfbo01
105,Bob Crawford,26,NYR,RW,11,1,2,3,2,10,0.1,1,0,0,0,2,0,0,15,6.7,,,crawfbo01
106,Marc Crawford,24,VAN,LW,54,11,14,25,-7,92,1.2,11,0,0,0,14,0,0,80,13.8,,,crawfma01
107,Adam Creighton,20,BUF,C,19,1,1,2,-2,2,-0.3,1,0,0,1,1,0,0,9,11.1,,,creigad01
108,Doug Crossman,25,PHI,D,80,6,37,43,-5,55,6.0,4,2,0,1,17,18,2,134,4.5,,,crossdo01
109,Keith Crowder,27,BOS,RW,78,38,46,84,16,177,6.8,18,20,0,4,29,17,0,181,21.0,,,crowdke01
110,Randy Cunneyworth,24,PIT,LW,75,15,30,45,13,74,2.6,11,2,2,2,23,6,1,134,11.2,,,cunnera01
111,Brian Curran,22,BOS,D,43,2,5,7,6,192,2.5,2,0,0,0,5,0,0,23,8.7,,,currabr01
112,Glen Currie,27,LAK,C,12,1,2,3,0,9,0.0,0,1,0,0,2,0,0,11,9.1,,,currigl01
113,Denis Cyr,24,STL,RW,31,3,4,7,-11,2,-0.4,3,0,0,0,4,0,0,21,14.3,,,cyrde01
114,Paul Cyr,22,BUF,LW,71,20,31,51,3,120,3.3,15,4,1,2,18,13,0,151,13.2,,,cyrpa01
115,Kjell Dahlin,22,MTL,RW,77,32,39,71,9,4,5.5,18,14,0,3,23,16,0,172,18.6,,,dahlikj01
116,Chris Dahlquist,23,PIT,D,5,1,2,3,1,2,0.5,1,0,0,0,2,0,0,5,20.0,,,dahlqch01
117,J.J. Daigneault,20,VAN,D,64,5,23,28,-18,45,4.0,1,4,0,0,10,13,0,115,4.3,,,daignjj01
118,Brad Dalgarno,18,NYI,RW,2,1,0,1,1,0,0.1,1,0,0,0,0,0,0,3,33.3,,,dalgabr01
119,Ken Daneyko,21,NJD,D,44,0,10,10,0,100,1.7,0,0,0,0,9,0,1,48,0.0,,,daneyke01
120,Dan Daoust,25,TOR,C,80,7,13,20,-22,88,-0.8,6,1,0,0,11,1,1,91,7.7,,,daousda01
121,Mal Davis,29,BUF,LW,7,2,0,2,-1,4,0.1,0,2,0,0,0,0,0,5,40.0,,,davisma01
122,Lucien DeBlois,28,MTL,RW,61,14,17,31,3,48,1.7,12,2,0,1,15,2,0,102,13.7,,,deblolu01
123,Dale DeGray,22,CGY,D,1,0,0,0,-1,0,0.0,0,0,0,0,0,0,0,1,0.0,,,degrada01
124,Gilbert Delorme,23,QUE,D,64,2,18,20,-1,51,3.7,1,1,0,0,13,5,0,100,2.0,,,delorgi01
125,Larry DePalma,20,MNS,LW,1,0,0,0,0,0,0.0,0,0,0,0,0,0,0,0,,,,depalla01
126,Bill Derlago,27,TOT,C,67,10,21,31,-5,21,1.0,7,2,1,1,17,4,0,77,13.0,,,derlabi01
126,Bill Derlago,27,BOS,C,39,5,16,21,6,15,0.9,3,1,1,1,13,3,0,40,12.5,,,derlabi01
126,Bill Derlago,27,WIN,C,27,5,5,10,-11,6,0.1,4,1,0,0,4,1,0,35,14.3,,,derlabi01
126,Bill Derlago,27,TOR,C,1,0,0,0,0,0,0.0,0,0,0,0,0,0,0,2,0.0,,,derlabi01
127,Gerald Diduck,20,NYI,D,10,1,2,3,5,2,0.8,1,0,0,0,2,0,0,6,16.7,,,diducge01
128,Don Dietrich,24,NJD,D,11,0,2,2,-8,10,0.0,0,0,0,0,1,1,0,14,0.0,,,dietrdo01
129,Gord Dineen,23,NYI,D,57,1,8,9,13,81,2.9,1,0,0,0,8,0,0,52,1.9,,,dineego01
130,Kevin Dineen,22,HAR,RW,57,33,35,68,15,124,5.8,27,6,0,8,27,7,1,167,19.8,,,dineeke01
131,Marcel Dionne*,34,LAK,C,80,36,58,94,-22,42,6.5,25,11,0,4,36,20,2,283,12.7,,,dionnma01
132,Bobby Dollas,21,WIN,D,46,0,5,5,-2,66,1.6,0,0,0,0,5,0,0,52,0.0,,,dollabo01
133,Dave Donnelly,23,BOS,C,8,0,0,0,3,17,-0.1,0,0,0,0,0,0,0,8,0.0,,,donneda01
134,Gord Donnelly,23,QUE,D,36,2,2,4,0,85,1.7,2,0,0,0,2,0,0,30,6.7,,,donnego01
135,Dan Dorion,22,NJD,C,3,1,1,2,-1,0,0.1,1,0,0,0,1,0,0,6,16.7,,,dorioda01
136,Peter Douris,19,WIN,RW,11,0,0,0,-1,0,-0.3,0,0,0,0,0,0,0,0,,,,douripe01
137,Bruce Driver,23,NJD,D,40,3,15,18,8,32,2.8,2,1,0,1,11,4,0,64,4.7,,,drivebr01
138,Gaétan Duchesne,23,WSH,LW,80,11,28,39,10,39,1.7,10,0,1,3,27,0,1,119,9.2,,,duchega01
139,Ron Duguay,28,TOT,RW,80,25,36,61,-41,32,3.0,14,11,0,2,19,15,2,184,13.6,,,duguaro01
139,Ron Duguay,28,DET,RW,67,19,29,48,-27,26,2.4,11,8,0,2,15,12,2,151,12.6,,,duguaro01
139,Ron Duguay,28,PIT,RW,13,6,7,13,-14,6,0.6,3,3,0,0,4,3,0,33,18.2,,,duguaro01
140,Dale Dunbar,24,VAN,D,1,0,0,0,0,2,0.0,0,0,0,0,0,0,0,0,,,,dunbada01
141,Craig Duncanson,18,LAK,LW,2,0,1,1,-1,0,0.0,0,0,0,0,1,0,0,0,,,,duncacr01
142,Richie Dunn,28,BUF,D,29,4,5,9,-5,25,1.7,0,4,0,0,2,3,0,55,7.3,,,dunnri01
143,Jerry Dupont,23,CBH,D,75,2,13,15,-14,173,1.7,2,0,0,0,13,0,0,69,2.9,,,duponje01
144,Steve Dykstra,23,BUF,D,64,4,21,25,-1,108,4.3,2,1,1,0,17,4,0,70,5.7,,,dykstst01
145,Mike Eagles,22,QUE,LW,73,11,12,23,3,49,0.6,10,1,0,1,11,0,1,69,15.9,,,eaglemi01
146,Bruce Eakin,23,DET,C,4,0,1,1,-4,0,-0.1,0,0,0,0,1,0,0,1,0.0,,,eakinbr01
147,Murray Eaves,25,WIN,C,4,1,0,1,-2,0,0.0,1,0,0,0,0,0,0,6,16.7,,,eavesmu01
148,Pelle Eklund,22,PHI,C,70,15,51,66,-2,12,3.6,7,8,0,5,13,38,0,141,10.6,,,eklunpe01
149,Dave Ellett,21,WIN,D,80,15,31,46,-39,96,4.5,13,2,0,1,15,15,1,167,9.0,,,elletda01
150,Brian Engblom,31,TOT,D,79,4,17,21,-11,77,3.4,4,0,0,0,13,4,0,77,5.2,,,engblbr01
150,Brian Engblom,31,LAK,D,49,3,13,16,-13,61,1.8,3,0,0,0,10,3,0,53,5.7,,,engblbr01
150,Brian Engblom,31,BUF,D,30,1,4,5,2,16,1.6,1,0,0,0,3,1,0,24,4.2,,,engblbr01
151,Bryan Erickson,25,LAK,RW,55,20,23,43,2,36,3.0,14,6,0,4,16,5,2,108,18.5,,,erickbr01
152,Thomas Eriksson,26,PHI,D,43,0,4,4,-12,16,1.2,0,0,0,0,1,3,0,33,0.0,,,eriksth01
153,Jan Erixon,23,NYR,RW,31,2,17,19,11,4,1.0,2,0,0,0,16,0,1,33,6.1,,,erixoja01
154,Bob Errey,21,PIT,LW,37,11,6,17,1,8,1.0,10,1,0,2,6,0,0,57,19.3,,,erreybo01
155,Daryl Evans,25,WSH,LW,6,0,1,1,-1,0,-0.1,0,0,0,0,0,1,0,14,0.0,,,evansda01
156,Doug Evans,22,STL,C,13,1,0,1,0,2,-0.2,1,0,0,0,0,0,0,12,8.3,,,evansdo01
157,Shawn Evans,20,STL,D,7,0,0,0,-1,2,0.2,0,0,0,0,0,0,0,1,0.0,,,evanssh01
158,Dean Evason,21,HAR,C,55,20,28,48,4,65,3.3,14,5,1,4,19,8,1,101,19.8,,,evasode01
159,Bernie Federko*,29,STL,C,80,34,68,102,11,34,7.5,18,16,0,2,44,24,0,166,20.5,,,federbe01
160,Tony Feltrin,24,NYR,D,10,0,0,0,-4,21,0.2,0,0,0,0,0,0,0,8,0.0,,,feltrto01
161,Paul Fenton,26,HAR,LW,1,0,0,0,1,0,0.0,0,0,0,0,0,0,0,3,0.0,,,fentopa01
162,David Fenyves,25,BUF,D,47,0,7,7,12,37,2.8,0,0,0,0,7,0,0,31,0.0,,,fenyvda01
163,Tom Fergus,23,TOR,C,78,31,42,73,-24,64,4.6,26,3,2,3,31,10,1,168,18.5,,,ferguto01
164,Ray Ferraro,21,HAR,C,76,30,47,77,10,57,5.6,16,14,0,0,32,15,0,131,22.9,,,ferrara01
165,Steven Finn,19,QUE,D,17,0,1,1,0,28,0.7,0,0,0,0,1,0,0,8,0.0,,,finnst01
166,Ross Fitzpatrick,25,PHI,C,2,0,0,0,-1,0,-0.1,0,0,0,0,0,0,0,0,,,,fitzpro01
167,Patrick Flatley,22,NYI,RW,73,18,34,52,20,66,3.2,12,6,0,2,31,3,0,120,15.0,,,flatlpa01
168,Ron Flockhart,25,STL,LW,79,22,45,67,10,26,4.3,15,5,2,2,30,15,0,199,11.1,,,flockro02
169,Lee Fogolin,30,EDM,D,80,4,22,26,46,129,4.8,4,0,0,0,20,0,2,71,5.6,,,fogolle02
170,Mike Foligno,27,BUF,RW,79,41,39,80,27,168,7.2,33,7,1,4,26,11,2,222,18.5,,,foligmi01
171,Dwight Foster,28,TOT,C,68,6,12,18,-16,52,-0.4,4,1,1,0,12,0,0,48,12.5,,,fostedw01
171,Dwight Foster,28,DET,C,55,6,12,18,-11,48,0.1,4,1,1,0,12,0,0,40,15.0,,,fostedw01
171,Dwight Foster,28,BOS,C,13,0,0,0,-5,4,-0.5,0,0,0,0,0,0,0,8,0.0,,,fostedw01
172,Nick Fotiu,33,CGY,LW,9,0,1,1,-3,21,-0.3,0,0,0,0,1,0,0,7,0.0,,,fotiuni01
173,Jim Fox,25,LAK,RW,39,14,17,31,-10,2,1.9,12,2,0,0,12,5,0,81,17.3,,,foxji01
174,Lou Franceschetti,27,WSH,LW,76,7,14,21,-4,131,-0.1,7,0,0,2,13,1,0,57,12.3,,,franclo01
175,Ron Francis*,22,HAR,C,53,24,53,77,5,24,5.7,16,7,1,4,27,25,1,120,20.0,,,francro01
176,Curt Fraser,28,CBH,LW,61,29,39,68,11,84,5.2,22,7,0,1,27,12,0,143,20.3,,,frasecu01
177,Dan Frawley,23,PIT,RW,69,10,11,21,-18,174,0.0,6,4,0,1,8,3,0,80,12.5,,,frawlda01
178,Tim Friday,24,DET,D,23,0,3,3,-9,6,0.4,0,0,0,0,2,0,1,13,0.0,,,fridati01
179,Miroslav Fryčer,26,TOR,RW,73,32,43,75,-27,74,4.9,25,7,0,3,26,17,0,201,15.9,,,frycemi01
180,Jody Gage,26,BUF,RW,7,3,2,5,-3,0,0.3,0,3,0,0,2,0,0,18,16.7,,,gagejo01
181,Paul Gagné,23,NJD,LW,47,19,19,38,-14,14,2.3,15,4,0,3,15,4,0,91,20.9,,,gagnepa01
182,Dave Gagner,21,NYR,C,32,4,6,10,1,19,0.2,4,0,0,0,6,0,0,41,9.8,,,gagneda01
183,Bob Gainey*,32,MTL,LW,80,20,23,43,11,20,2.7,18,0,2,4,21,0,2,133,15.0,,,gainebo01
184,Gerard Gallant,22,DET,LW,52,20,19,39,-9,106,2.6,16,3,1,2,14,5,0,116,17.2,,,gallage01
185,Garry Galley,22,LAK,D,49,9,13,22,-10,46,2.8,8,1,0,1,12,0,1,57,15.8,,,gallega01
186,Dave Gans,21,LAK,C,3,0,0,0,0,2,-0.1,0,0,0,0,0,0,0,3,0.0,,,gansda01
187,Bill Gardner,25,TOT,C,64,4,18,22,-11,10,-0.3,4,0,0,0,14,1,3,41,9.8,,,gardnbi01
187,Bill Gardner,25,CBH,C,46,3,10,13,-5,6,-0.4,3,0,0,0,7,1,2,29,10.3,,,gardnbi01
187,Bill Gardner,25,HAR,C,18,1,8,9,-6,4,0.1,1,0,0,0,7,0,1,12,8.3,,,gardnbi01
188,Paul Gardner,29,BUF,C,2,0,0,0,-3,0,-0.1,0,0,0,0,0,0,0,4,0.0,,,gardnpa01
189,Danny Gare,31,DET,RW,57,7,9,16,-18,102,-0.2,6,1,0,0,6,2,1,108,6.5,,,gareda01
190,Mike Gartner*,26,WSH,RW,74,35,40,75,-5,63,5.6,22,11,2,4,20,20,0,279,12.5,,,gartnmi01
191,Jean-Marc Gaulin,23,QUE,RW,1,1,0,1,0,0,0.1,1,0,0,0,0,0,0,2,50.0,,,gaulije01
192,Stew Gavin,25,HAR,RW,76,26,29,55,14,51,3.9,20,3,3,4,23,4,2,161,16.1,,,gavinst01
193,Greg Gilbert,24,NYI,LW,60,9,19,28,6,82,1.0,8,1,0,2,15,4,0,58,15.5,,,gilbegr01
194,Curt Giles,27,MNS,D,69,6,21,27,19,30,5.2,6,0,0,1,18,2,1,59,10.2,,,gilescu01
195,Todd Gill,20,TOR,D,15,1,2,3,0,28,0.6,1,0,0,0,2,0,0,9,11.1,,,gillto01
196,Clark Gillies*,31,NYI,LW,55,4,10,14,-8,55,-0.6,3,1,0,0,9,1,0,74,5.4,,,gillicl01
197,Paul Gillis,22,QUE,C,80,19,24,43,-3,203,2.1,17,0,2,2,20,0,4,136,14.0,,,gillipa01
198,Doug Gilmour*,22,STL,C,74,25,28,53,-4,41,3.3,22,2,1,5,22,5,1,183,13.7,,,gilmodo01
199,Gaston Gingras,26,MTL,D,34,8,18,26,-10,12,3.1,1,7,0,0,10,8,0,77,10.4,,,gingrga01
200,Bobby Gould,28,WSH,RW,79,19,19,38,7,26,2.1,16,0,3,5,17,0,2,123,15.4,,,gouldbo01
201,Michel Goulet*,25,QUE,LW,75,53,51,104,7,64,9.0,25,28,0,3,28,23,0,244,21.7,,,goulemi01
202,Thomas Gradin,29,VAN,C,71,14,27,41,-16,34,1.9,11,2,1,3,17,10,0,122,11.5,,,gradith01
203,Dirk Graham,26,MNS,RW,80,22,33,55,-3,87,3.1,17,1,4,3,27,5,1,173,12.7,,,grahadi01
204,Rick Green,29,MTL,D,46,3,2,5,-6,20,2.0,3,0,0,0,2,0,0,45,6.7,,,greenri01
205,Randy Gregg,29,EDM,D,64,2,26,28,31,47,3.9,2,0,0,0,20,4,2,56,3.6,,,greggra01
206,Ron Greschner,31,NYR,D,78,20,28,48,9,104,8.0,13,6,1,2,15,12,1,150,13.3,,,grescro01
207,Wayne Gretzky*,25,EDM,C,80,52,163,215,71,46,17.0,38,11,3,6,105,43,15,350,14.9,,,gretzwa01
208,Paul Guay,22,LAK,RW,23,3,3,6,-6,18,-0.1,3,0,0,0,3,0,0,18,16.7,,,guaypa01
209,Bengt-Åke Gustafsson,27,WSH,C,70,23,52,75,9,26,5.3,11,8,4,6,28,23,1,113,20.4,,,gustabe01
210,Ari Haanpää,20,NYI,RW,18,0,7,7,0,20,0.0,0,0,0,0,7,0,0,16,0.0,,,haanpar01
211,Marc Habscheid,22,MNS,C,6,2,3,5,-2,0,0.3,1,1,0,0,2,1,0,8,25.0,,,habscma01
212,Len Hachborn,24,LAK,C,24,4,1,5,-9,2,-0.2,3,1,0,0,1,0,0,14,28.6,,,hachble01
213,Richard Hajdu,20,BUF,RW,3,0,0,0,1,4,0.0,0,0,0,0,0,0,0,2,0.0,,,hajduri01
214,Bill Hajt,34,BUF,D,58,1,16,17,17,25,4.2,1,0,0,0,13,1,2,44,2.3,,,hajtbi01
215,Anders Håkansson,29,LAK,RW,38,4,1,5,-7,8,-0.5,4,0,0,2,1,0,0,29,13.8,,,hakanan01
216,Bob Halkidis,19,BUF,D,37,1,9,10,-2,115,2.0,1,0,0,0,9,0,0,19,5.3,,,halkibo01
217,Taylor Hall,21,VAN,LW,19,5,5,10,-11,6,0.4,4,1,0,0,3,2,0,30,16.7,,,hallta01
218,Mats Hallin,27,MNS,LW,38,3,2,5,-3,86,-0.5,3,0,0,1,2,0,0,29,10.3,,,hallima01
219,Doug Halward,30,VAN,D,70,8,25,33,-20,111,4.7,5,3,0,0,10,14,1,122,6.6,,,halwado01
220,Gilles Hamel,25,BUF,LW,77,19,25,44,-26,61,1.9,12,4,3,3,17,8,0,158,12.0,,,hamelgi01
221,Ken Hammond,22,LAK,D,3,0,1,1,-1,2,0.1,0,0,0,0,0,1,0,2,0.0,,,hammoke01
222,Mark Hamway,24,NYI,RW,49,5,12,17,-6,9,-0.1,4,1,0,1,12,0,0,50,10.0,,,hamwama01
223,Dave Hannan,24,PIT,LW,75,17,18,35,-4,91,1.6,14,0,3,1,15,2,1,100,17.0,,,hannada01
224,Mark Hardy,26,LAK,D,55,6,21,27,-13,71,2.9,3,2,1,1,9,11,1,113,5.3,,,hardyma01
225,Craig Hartsburg,26,MNS,D,75,10,47,57,5,124,6.9,6,4,0,2,11,36,0,185,5.4,,,hartscr01
226,Kevin Hatcher,19,WSH,D,79,9,10,19,6,119,5.2,8,1,0,1,9,1,0,132,6.8,,,hatchke01
227,Dale Hawerchuk*,22,WIN,C,80,46,59,105,-27,44,7.8,26,18,2,2,33,25,1,313,14.7,,,hawerda01
228,Alan Haworth,25,WSH,C,71,34,39,73,36,72,6.6,27,7,0,5,31,8,0,194,17.5,,,haworal01
229,Randy Heath,21,NYR,LW,1,0,1,1,1,0,0.1,0,0,0,0,1,0,0,1,0.0,,,heathra01
230,Raimo Helminen,21,NYR,C,66,10,30,40,0,10,1.8,6,4,0,2,16,14,0,125,8.0,,,helmira01
231,Dale Henry,21,NYI,LW,7,1,3,4,-1,15,0.1,1,0,0,0,3,0,0,5,20.0,,,henryda01
232,Alan Hepple,22,NJD,D,1,0,0,0,0,0,0.0,0,0,0,0,0,0,0,0,,,,hepplal01
233,Uli Hiemer,23,NJD,D,50,8,16,24,0,61,3.3,2,6,0,1,9,7,0,100,8.0,,,hiemeul01
234,Tim Higgins,27,NJD,RW,59,9,17,26,8,47,1.0,7,2,0,1,16,1,0,90,10.0,,,higgiti01
235,Randy Hillier,25,PIT,D,28,0,3,3,-3,53,1.0,0,0,0,0,3,0,0,22,0.0,,,hillira01
236,Dan Hodgson,20,TOR,C,40,13,12,25,-5,12,1.5,11,2,0,0,9,3,0,54,24.1,,,hodgsda01
237,Mike Hoffman,22,HAR,LW,6,1,2,3,-1,2,0.1,1,0,0,0,2,0,0,7,14.3,,,hoffmmi01
238,Jim Hofford,21,BUF,D,5,0,0,0,-1,5,0.1,0,0,0,0,0,0,0,3,0.0,,,hoffoji01
239,Dean Hopkins,26,EDM,RW,1,0,0,0,0,0,0.0,0,0,0,0,0,0,0,0,,,,hopkide01
240,Ed Hospodar,26,TOT,D,60,3,3,6,7,146,2.8,2,0,1,0,3,0,0,44,6.8,,,hospoed01
240,Ed Hospodar,26,MNS,D,43,0,2,2,8,91,1.7,0,0,0,0,2,0,0,33,0.0,,,hospoed01
240,Ed Hospodar,26,PHI,D,17,3,1,4,-1,55,1.0,2,0,1,0,1,0,0,11,27.3,,,hospoed01
241,Paul Houck,22,MNS,RW,3,1,0,1,1,0,0.1,1,0,0,0,0,0,0,3,33.3,,,houckpa01
242,Doug Houda,19,DET,D,6,0,0,0,-7,4,-0.2,0,0,0,0,0,0,0,5,0.0,,,houdado01
243,Phil Housley*,21,BUF,D,79,15,47,62,-10,54,7.7,8,7,0,2,25,22,0,180,8.3,,,houslph01
244,Mark Howe*,30,PHI,D,77,24,58,82,87,36,14.5,13,4,7,3,36,19,3,193,12.4,,,howema02
245,Scott Howson,25,NYI,C,10,1,2,3,2,2,0.0,1,0,0,0,2,0,0,8,12.5,,,howsosc01
246,Willie Huber,28,NYR,D,70,7,8,15,-10,85,3.6,6,1,0,2,7,1,0,124,5.6,,,huberwi01
247,Charlie Huddy,26,EDM,D,76,6,35,41,28,55,5.0,5,1,0,0,25,10,0,149,4.0,,,huddych01
248,Pat Hughes,30,BUF,RW,50,4,9,13,-5,25,-0.2,4,0,0,0,8,0,1,51,7.8,,,hughepa01
249,Dale Hunter,25,QUE,C,80,28,42,70,7,265,4.8,21,7,0,4,36,6,0,151,18.5,,,hunteda02
250,Dave Hunter,28,EDM,LW,62,15,22,37,39,77,2.3,15,0,0,1,20,0,2,110,13.6,,,hunteda01
251,Mark Hunter,23,STL,RW,78,44,30,74,13,171,6.3,31,11,2,3,23,7,0,204,21.6,,,huntema01
252,Tim Hunter,25,CGY,RW,66,8,7,15,-8,291,-0.6,6,2,0,2,6,1,0,65,12.3,,,hunteti01
253,Al Iafrate,19,TOR,D,65,8,25,33,-13,40,3.7,6,2,0,2,13,12,0,97,8.2,,,iafraal01
254,Miroslav Ihnačák,23,TOR,LW,21,2,4,6,-7,27,-0.2,1,1,0,0,4,0,0,25,8.0,,,ihnacmi01
255,Peter Ihnačák,28,TOR,C,63,18,27,45,-8,16,2.5,13,5,0,1,21,6,0,96,18.8,,,ihnacpe01
256,Don Jackson,29,EDM,D,45,2,8,10,3,93,1.2,2,0,0,0,8,0,0,34,5.9,,,jacksdo02
257,Jeff Jackson,20,TOR,LW,5,1,2,3,3,2,0.2,1,0,0,0,2,0,0,2,50.0,,,jacksje01
258,Risto Jalo,23,EDM,C,3,0,3,3,2,0,0.1,0,0,0,0,3,0,0,3,0.0,,,jalori01
259,Doug Jarvis,30,TOT,C,82,9,18,27,3,36,0.4,6,0,3,0,17,0,1,74,12.2,,,jarvido01
259,Doug Jarvis,30,HAR,C,57,8,16,24,8,20,0.9,5,0,3,0,15,0,1,55,14.5,,,jarvido01
259,Doug Jarvis,30,WSH,C,25,1,2,3,-5,16,-0.5,1,0,0,0,2,0,0,19,5.3,,,jarvido01
260,Wes Jarvis,27,TOR,C,2,1,0,1,-1,2,0.1,1,0,0,0,0,0,0,2,50.0,,,jarviwe01
261,Chris Jensen,22,NYR,C,9,1,3,4,1,0,0.1,1,0,0,1,2,1,0,18,5.6,,,jensech01
262,David Jensen,24,MNS,D,5,0,0,0,-2,7,0.0,0,0,0,0,0,0,0,1,0.0,,,jenseda02
263,David Jensen,20,WSH,C,5,1,0,1,1,0,0.0,1,0,0,0,0,0,0,5,20.0,,,jenseda03
264,Glenn Johannesen,23,NYI,D,2,0,0,0,-1,0,0.0,0,0,0,0,0,0,0,2,0.0,,,johangl01
265,Jim Johnson,23,PIT,D,80,3,26,29,11,115,5.5,3,0,0,0,19,7,0,118,2.5,,,johnsji02
266,Mark Johnson,28,NJD,LW,80,21,41,62,-12,16,3.2,14,6,1,3,23,18,0,167,12.6,,,johnsma02
267,Terry Johnson,27,TOT,D,73,1,8,9,-12,158,2.2,1,0,0,0,6,1,1,32,3.1,,,johnste01
267,Terry Johnson,27,STL,D,49,0,4,4,-10,87,1.4,0,0,0,0,3,0,1,21,0.0,,,johnste01
267,Terry Johnson,27,CGY,D,24,1,4,5,-2,71,0.8,1,0,0,0,3,1,0,11,9.1,,,johnste01
268,Greg Johnston,21,BOS,RW,20,0,2,2,-1,0,-0.4,0,0,0,0,2,0,0,11,0.0,,,johnsgr01
269,Eddie Johnstone,31,DET,RW,3,1,0,1,1,2,0.1,1,0,0,0,0,0,0,3,33.3,,,johnsed02
270,Tomas Jonsson,25,NYI,D,77,14,30,44,16,62,6.8,8,5,1,1,16,13,1,119,11.8,,,jonssto01
271,Claude Julien,25,QUE,D,13,0,1,1,2,25,0.6,0,0,0,0,1,0,0,4,0.0,,,juliecl01
272,Steve Kasper,24,BOS,C,80,17,23,40,-10,73,1.6,13,1,3,1,22,0,1,149,11.4,,,kaspest01
273,Ed Kastelic,22,WSH,RW,15,0,0,0,0,73,-0.4,0,0,0,0,0,0,0,2,0.0,,,kasteed01
274,John Paul Kelly,26,LAK,LW,61,6,9,15,-16,50,-0.5,6,0,0,0,8,1,0,38,15.8,,,kellyjo01
275,Dean Kennedy,23,LAK,D,78,2,10,12,-10,132,2.3,2,0,0,0,9,1,0,59,3.4,,,kennede01
276,Alan Kerr,21,NYI,LW,7,0,1,1,1,16,-0.1,0,0,0,0,1,0,0,9,0.0,,,kerral01
277,Tim Kerr,26,PHI,RW,76,58,26,84,-2,79,7.7,24,34,0,7,10,16,0,285,20.4,,,kerrti01
278,Kelly Kisio,26,DET,C,76,21,48,69,-19,85,4.0,11,7,3,0,30,18,0,140,15.0,,,kisioke01
279,Scot Kleinendorst,26,HAR,D,41,2,7,9,8,62,2.4,2,0,0,0,7,0,0,27,7.4,,,kleinsc01
280,Petr Klíma,21,DET,LW,74,32,24,56,-37,16,3.4,24,8,0,4,13,11,0,178,18.0,,,klimape01
281,Gord Kluzak,21,BOS,D,70,8,31,39,2,153,5.8,5,3,0,0,20,10,1,114,7.0,,,kluzago01
282,Joe Kocur,21,DET,RW,59,9,6,15,-25,377,-0.4,7,2,0,0,2,4,0,65,13.8,,,kocurjo01
283,Steve Konroyd,24,TOT,D,73,7,25,32,27,80,5.6,6,1,0,1,16,8,1,124,5.6,,,konrost01
283,Steve Konroyd,24,CGY,D,59,7,20,27,23,64,4.6,6,1,0,1,11,8,1,111,6.3,,,konrost01
283,Steve Konroyd,24,NYI,D,14,0,5,5,4,16,0.9,0,0,0,0,5,0,0,13,0.0,,,konrost01
284,John Kordic,20,MTL,D,5,0,1,1,1,12,0.3,0,0,0,0,1,0,0,0,,,,kordijo01
285,Roger Kortko,22,NYI,C,52,5,8,13,-10,19,-0.5,5,0,0,1,8,0,0,49,10.2,,,kortkro01
286,Chris Kotsopoulos,27,TOR,D,61,6,11,17,-6,83,2.7,6,0,0,0,10,1,0,69,8.7,,,kotsoch01
287,Richard Kromm,21,TOT,LW,77,19,24,43,17,35,2.4,19,0,0,2,21,3,0,120,15.8,,,krommri01
287,Richard Kromm,21,CGY,LW,63,12,17,29,9,31,1.2,12,0,0,2,17,0,0,97,12.4,,,krommri01
287,Richard Kromm,21,NYI,LW,14,7,7,14,8,4,1.2,7,0,0,0,4,3,0,23,30.4,,,krommri01
288,Mike Krushelnyski,25,EDM,LW,54,16,24,40,11,22,2.1,13,3,0,1,16,8,0,98,16.3,,,krushmi01
289,Mark Kumpel,24,QUE,RW,47,10,12,22,10,17,1.3,10,0,0,3,11,1,0,76,13.2,,,kumpema01
290,Jari Kurri*,25,EDM,RW,78,68,63,131,45,22,11.8,46,16,6,9,41,18,4,236,28.8,,,kurrija01
291,Tom Kurvers,23,MTL,D,62,7,23,30,10,36,5.4,4,3,0,1,15,8,0,69,10.1,,,kurveto01
292,Jim Kyte,21,WIN,D,71,1,3,4,-20,126,1.4,1,0,0,0,2,0,1,28,3.6,,,kyteji01
293,Normand Lacombe,21,BUF,RW,25,6,7,13,7,13,0.9,3,3,0,2,7,0,0,38,15.8,,,lacomno01
294,Randy Ladouceur,25,DET,D,78,5,13,18,-55,196,0.9,5,0,0,1,12,1,0,92,5.4,,,ladoura01
295,Pat LaFontaine*,20,NYI,C,65,30,23,53,15,43,4.2,28,2,0,4,18,5,0,172,17.4,,,lafonpa01
296,Tom Laidlaw,27,NYR,D,68,6,12,18,-2,103,4.0,5,0,1,0,11,1,0,49,12.2,,,laidlto01
297,Mike Lalor,22,MTL,D,62,3,5,8,-4,56,2.9,3,0,0,0,4,0,1,44,6.8,,,lalormi01
298,Mark Lamb,21,CGY,C,1,0,0,0,0,0,0.0,0,0,0,0,0,0,0,0,,,,lambma01
299,Lane Lambert,21,DET,RW,34,2,3,5,-10,130,-0.6,2,0,0,0,3,0,0,32,6.3,,,lambela01
300,Chris Langevin,26,BUF,LW,16,2,1,3,3,20,0.0,2,0,0,0,1,0,0,10,20.0,,,langech01
301,Dave Langevin,31,MNS,D,80,0,8,8,-16,58,2.0,0,0,0,0,8,0,0,46,0.0,,,langeda01
302,Rod Langway*,28,WSH,D,71,1,17,18,27,61,5.4,0,1,0,0,17,0,0,54,1.9,,,langwro01
303,Jean-Marc Lanthier,22,VAN,RW,62,7,10,17,-17,12,-0.1,4,3,0,1,9,1,0,50,14.0,,,lanthje01
304,Rick Lanz,24,VAN,D,75,15,38,53,-25,73,6.5,4,11,0,0,17,18,3,190,7.9,,,lanzri01
305,Rick Lapointe,30,LAK,D,20,0,4,4,-13,18,0.1,0,0,0,0,4,0,0,7,0.0,,,lapoiri01
306,Jeff Larmer,23,CBH,LW,2,0,0,0,1,0,0.0,0,0,0,0,0,0,0,1,0.0,,,larmeje01
307,Steve Larmer,24,CBH,RW,80,31,45,76,11,47,5.3,17,13,1,3,27,16,2,184,16.8,,,larmest01
308,Pierre Larouche,30,NYR,RW,28,20,7,27,-6,4,2.4,13,7,0,2,5,1,1,85,23.5,,,laroupi01
309,Reed Larson,29,TOT,D,80,22,45,67,-30,117,7.0,10,12,0,0,24,20,1,246,8.9,,,larsore01
309,Reed Larson,29,DET,D,67,19,41,60,-35,109,5.6,8,11,0,0,21,19,1,205,9.3,,,larsore01
309,Reed Larson,29,BOS,D,13,3,4,7,5,8,1.4,2,1,0,0,3,1,0,41,7.3,,,larsore01
310,David Latta,19,QUE,LW,1,0,0,0,0,0,0.0,0,0,0,0,0,0,0,1,0.0,,,lattada01
311,Craig Laughlin,28,WSH,RW,75,30,45,75,24,43,6.0,20,10,0,4,27,18,0,114,26.3,,,laughcr01
312,Kevin LaVallee,24,STL,LW,64,18,20,38,9,6,2.4,11,7,0,2,13,7,0,129,14.0,,,lavalke01
313,Mark LaVarre,20,CBH,RW,2,0,0,0,-2,0,-0.1,0,0,0,0,0,0,0,2,0.0,,,lavarma01
314,Paul Lawless,21,HAR,LW,64,17,21,38,-3,20,2.0,12,5,0,1,19,2,0,140,12.1,,,lawlepa01
315,Brian Lawton,20,MNS,LW,65,18,17,35,9,36,2.1,14,4,0,6,17,0,0,98,18.4,,,lawtobr01
316,Steve Leach,20,WSH,RW,11,1,1,2,0,2,-0.1,1,0,0,0,1,0,0,4,25.0,,,leachst01
317,Jim Leavins,25,DET,D,37,2,11,13,-23,26,0.9,1,1,0,0,7,4,0,63,3.2,,,leaviji01
318,Grant Ledyard,24,TOT,D,79,9,27,36,-27,98,4.0,5,4,0,2,14,13,0,170,5.3,,,ledyagr01
318,Grant Ledyard,24,LAK,D,52,7,18,25,-23,78,2.3,3,4,0,2,11,7,0,113,6.2,,,ledyagr01
318,Grant Ledyard,24,NYR,D,27,2,9,11,-4,20,1.7,2,0,0,0,3,6,0,57,3.5,,,ledyagr01
319,Gary Leeman,21,TOR,RW,53,9,23,32,-2,20,1.4,7,1,1,0,17,6,0,123,7.3,,,leemaga01
320,Ken Leiter,24,NYI,D,9,1,1,2,0,6,0.4,1,0,0,0,0,1,0,9,11.1,,,leiteke01
321,Moe Lemay,23,VAN,LW,48,16,15,31,-14,92,1.9,10,6,0,1,10,5,0,112,14.3,,,lemaymo01
322,Alain Lemieux,24,QUE,C,7,0,0,0,-1,2,-0.2,0,0,0,0,0,0,0,1,0.0,,,lemieal01
323,Claude Lemieux,20,MTL,RW,10,1,2,3,-6,22,-0.1,0,1,0,0,2,0,0,16,6.3,,,lemiecl01
324,Mario Lemieux*,20,PIT,C,79,48,93,141,-8,43,10.9,31,17,0,4,44,49,0,276,17.4,,,lemiema01
325,Don Lever,33,BUF,LW,29,7,1,8,-5,6,0.2,6,0,1,1,1,0,0,31,22.6,,,leverdo01
326,Craig Levie,26,MNS,D,14,2,2,4,-7,8,0.4,2,0,0,0,0,2,0,22,9.1,,,leviecr01
327,Dave Lewis,32,NJD,D,69,0,15,15,0,81,2.6,0,0,0,0,12,2,1,38,0.0,,,lewisda02
328,Doug Lidster,25,VAN,D,78,12,16,28,-10,56,5.4,10,1,1,0,13,2,1,152,7.9,,,lidstdo01
329,Willy Lindström,34,PIT,RW,71,14,17,31,-1,30,1.3,14,0,0,1,15,1,1,87,16.1,,,lindswi01
330,Ken Linseman,27,BOS,C,64,23,58,81,15,95,5.9,15,8,0,3,30,28,0,132,17.4,,,linseke01
331,Claude Loiselle,22,DET,C,48,7,15,22,-25,142,0.2,5,2,0,1,9,4,2,84,8.3,,,loisecl01
332,Troy Loney,22,PIT,LW,47,3,9,12,-8,95,-0.3,3,0,0,1,9,0,0,50,6.0,,,loneytr01
333,Håkan Loob,25,CGY,RW,68,31,36,67,24,36,5.3,21,10,0,1,27,6,3,174,17.8,,,loobha01
334,Bob Lorimer,32,NJD,D,46,2,2,4,-13,52,0.8,2,0,0,0,2,0,0,28,7.1,,,lorimbo01
335,Kevin Lowe*,26,EDM,D,74,2,16,18,25,90,3.0,2,0,0,0,15,1,0,57,3.5,,,loweke01
336,Dave Lowry,20,VAN,LW,73,10,8,18,-18,143,-0.1,9,1,0,1,7,1,0,66,15.2,,,lowryda01
337,Jan Ludvig,24,NJD,RW,42,5,9,14,-16,63,-0.3,5,0,0,0,5,4,0,72,6.9,,,ludvija01
338,Craig Ludwig,24,MTL,D,69,2,4,6,7,63,3.5,2,0,0,0,4,0,0,61,3.3,,,ludwicr01
339,Steve Ludzik,24,CBH,LW,49,6,5,11,-2,21,-0.3,5,0,1,0,5,0,0,41,14.6,,,ludzist01
340,Morris Lukowich,29,TOT,LW,69,12,13,25,-18,61,0.3,12,0,0,0,9,4,0,110,10.9,,,lukowmo01
340,Morris Lukowich,29,LAK,LW,55,11,9,20,-20,51,0.2,11,0,0,0,6,3,0,85,12.9,,,lukowmo01
340,Morris Lukowich,29,BOS,LW,14,1,4,5,2,10,0.1,1,0,0,0,3,1,0,25,4.0,,,lukowmo01
341,Dave Lumley,31,EDM,RW,46,11,9,20,13,35,0.8,10,1,0,1,9,0,0,33,33.3,,,lumleda01
342,Bengt Lundholm,30,WIN,RW,16,3,5,8,-4,6,0.3,2,0,1,0,4,0,1,14,21.4,,,lundhbe01
343,Gary Lupul,26,VAN,LW,19,4,1,5,-1,12,0.2,4,0,0,0,1,0,0,17,23.5,,,lupulga01
344,Tom Lysiak,32,CBH,C,51,2,19,21,-19,14,-0.4,2,0,0,0,18,1,0,77,2.6,,,lysiato01
345,Paul MacDermid,22,HAR,RW,74,13,10,23,0,160,0.5,13,0,0,2,10,0,0,88,14.8,,,macdepa01
346,Al MacInnis*,22,CGY,D,77,11,57,68,37,76,8.8,7,4,0,0,17,39,1,241,4.6,,,macinal01
347,John MacLean,21,NJD,RW,74,21,36,57,-3,112,3.2,20,1,0,4,30,6,0,139,15.1,,,maclejo01
348,Paul MacLean,27,WIN,RW,69,27,29,56,-14,74,3.7,16,11,0,2,19,10,0,169,16.0,,,maclepa01
349,Brian MacLellan,27,TOT,LW,78,16,29,45,-34,66,1.4,4,12,0,1,20,9,0,166,9.6,,,maclebr01
349,Brian MacLellan,27,NYR,LW,51,11,21,32,-21,47,1.1,3,8,0,1,14,7,0,113,9.7,,,maclebr01
349,Brian MacLellan,27,LAK,LW,27,5,8,13,-13,19,0.2,1,4,0,0,6,2,0,53,9.4,,,maclebr01
350,Jamie Macoun,24,CGY,D,77,11,21,32,16,81,5.2,9,0,2,1,20,0,1,133,8.3,,,macouja01
351,Craig MacTavish,27,EDM,C,74,23,24,47,16,70,2.5,18,4,1,5,22,2,0,121,19.0,,,mactacr01
352,Mikko Mäkelä,20,NYI,C,58,16,20,36,12,28,2.2,14,2,0,3,15,5,0,68,23.5,,,makelmi01
353,David Maley,22,MTL,LW,3,0,0,0,0,0,-0.1,0,0,0,0,0,0,0,0,,,,maleyda01
354,Greg Malone,29,TOT,C,49,9,12,21,-8,42,0.6,8,1,0,0,10,2,0,61,14.8,,,malongr01
354,Greg Malone,29,QUE,C,27,3,5,8,-3,18,0.0,3,0,0,0,5,0,0,26,11.5,,,malongr01
354,Greg Malone,29,HAR,C,22,6,7,13,-5,24,0.6,5,1,0,0,5,2,0,35,17.1,,,malongr01
355,Don Maloney,27,NYR,LW,68,11,17,28,18,56,1.4,11,0,0,1,12,4,1,89,12.4,,,malondo01
356,Dan Mandich,25,MNS,D,3,0,0,0,0,25,0.1,0,0,0,0,0,0,0,0,,,,mandida01
357,Jimmy Mann,26,QUE,RW,35,0,3,3,-2,148,-0.7,0,0,0,0,3,0,0,4,0.0,,,mannji01
358,Moe Mantha,25,PIT,D,78,15,52,67,-5,102,8.1,2,11,2,0,22,30,0,224,6.7,,,manthmo01
359,Nevin Markwart,21,BOS,LW,65,7,15,22,-3,207,0.2,7,0,0,1,13,1,1,44,15.9,,,markwne01
360,Mario Marois,28,TOT,D,77,5,40,45,-34,152,4.0,4,1,0,1,22,16,2,175,2.9,,,maroima01
360,Mario Marois,28,WIN,D,57,4,28,32,-24,110,2.9,4,0,0,0,15,12,1,123,3.3,,,maroima01
360,Mario Marois,28,QUE,D,20,1,12,13,-10,42,1.1,0,1,0,1,7,4,1,52,1.9,,,maroima01
361,Brad Marsh,27,PHI,D,79,0,13,13,3,123,3.9,0,0,0,0,12,1,0,104,0.0,,,marshbr01
362,Grant Martin,23,WSH,C,11,0,1,1,-5,6,-0.3,0,0,0,0,1,0,0,5,0.0,,,martigr01
363,Tom Martin,21,WIN,LW,5,0,0,0,0,0,-0.1,0,0,0,0,0,0,0,1,0.0,,,martito02
364,Dennis Maruk,30,MNS,C,70,21,37,58,13,67,3.9,20,1,0,2,29,8,0,135,15.6,,,marukde01
365,Dwight Mathiasen,22,PIT,RW,4,1,0,1,-4,2,-0.1,1,0,0,0,0,0,0,4,25.0,,,mathidw01
366,Brad Maxwell,28,TOR,D,52,8,18,26,-27,108,2.2,4,4,0,0,7,11,0,93,8.6,,,maxwebr02
367,Gary McAdam,30,TOR,LW,15,1,6,7,-11,0,-0.1,1,0,0,0,6,0,0,9,11.1,,,mcadaga01
368,Andrew McBain,21,WIN,RW,28,3,3,6,-10,17,-0.3,3,0,0,0,3,0,0,24,12.5,,,mcbaian01
369,Kevin McCarthy,28,PHI,D,4,0,0,0,0,4,0.1,0,0,0,0,0,0,0,0,,,,mccarke01
370,Tom McCarthy,25,MNS,LW,25,12,12,24,-3,12,1.7,8,4,0,2,7,5,0,45,26.7,,,mccarto02
371,Kevin McClelland,23,EDM,C,79,11,25,36,9,264,0.6,11,0,0,2,25,0,0,104,10.6,,,mccleke01
372,Brad McCrimmon,26,PHI,D,80,13,43,56,86,85,12.0,11,2,0,2,27,13,3,167,7.8,,,mccribr01
373,Lanny McDonald*,32,CGY,RW,80,28,43,71,-2,44,4.4,17,11,0,3,25,18,0,227,12.3,,,mcdonla01
374,Joe McDonnell,24,PIT,D,3,0,0,0,-3,2,-0.1,0,0,0,0,0,0,0,1,0.0,,,mcdonjo01
375,Mike McEwen,29,TOT,D,55,5,17,22,-5,30,3.3,5,0,0,1,10,7,0,136,3.7,,,mcewemi01
375,Mike McEwen,29,DET,D,29,0,10,10,-5,16,1.2,0,0,0,0,5,5,0,82,0.0,,,mcewemi01
375,Mike McEwen,29,NYR,D,16,2,5,7,-5,8,1.0,2,0,0,1,4,1,0,36,5.6,,,mcewemi01
375,Mike McEwen,29,HAR,D,10,3,2,5,5,6,1.1,3,0,0,0,1,1,0,18,16.7,,,mcewemi01
376,Dan McFall,22,WIN,D,7,0,1,1,-3,0,0.1,0,0,0,0,1,0,0,2,0.0,,,mcfalda01
377,Jim McGeough,22,PIT,C,17,3,2,5,-3,8,0.1,3,0,0,1,2,0,0,29,10.3,,,mcgeoji01
378,Bob McGill,23,TOR,D,61,1,4,5,-17,141,0.9,1,0,0,0,4,0,0,28,3.6,,,mcgilbo01
379,Tony McKegney,27,MNS,LW,70,15,25,40,-6,48,1.8,11,3,1,0,23,2,0,141,10.6,,,mckegto01
380,Sean McKenna,23,TOT,RW,75,10,12,22,-25,35,-0.3,8,1,1,2,10,2,0,130,7.7,,,mckense01
380,Sean McKenna,23,BUF,RW,45,6,12,18,-9,28,0.3,5,1,0,2,10,2,0,83,7.2,,,mckense01
380,Sean McKenna,23,LAK,RW,30,4,0,4,-16,7,-0.6,3,0,1,0,0,0,0,47,8.5,,,mckense01
381,Tom McMurchy,22,CBH,RW,4,0,0,0,-1,2,-0.1,0,0,0,0,0,0,0,2,0.0,,,mcmurto01
382,Peter McNab,33,NJD,C,71,19,24,43,-11,14,2.0,13,6,0,0,20,4,0,93,20.4,,,mcnabpe01
383,George McPhee,27,NYR,LW,30,4,4,8,5,63,0.2,4,0,0,1,4,0,0,31,12.9,,,mcphege01
384,Mike McPhee,25,MTL,LW,70,19,21,40,8,69,2.5,17,0,2,3,20,0,1,103,18.4,,,mcphemi01
385,Basil McRae,25,DET,LW,4,0,0,0,-4,5,-0.2,0,0,0,0,0,0,0,3,0.0,,,mcraeba01
386,Marty McSorley,22,EDM,D,59,11,12,23,10,265,3.1,11,0,0,2,12,0,0,72,15.3,,,mcsorma01
387,Rick Meagher,32,STL,C,79,11,19,30,0,28,0.7,8,0,3,3,19,0,0,109,10.1,,,meaghri01
388,Anssi Melametsä,24,WIN,LW,27,0,3,3,-5,2,-0.6,0,0,0,0,3,0,0,20,0.0,,,melaman01
389,Scott Mellanby,19,PHI,RW,2,0,0,0,-1,0,-0.1,0,0,0,0,0,0,0,0,,,,mellasc01
390,Larry Melnyk,25,TOT,D,52,3,11,14,10,76,3.4,3,0,0,0,10,1,0,37,8.1,,,melnyla01
390,Larry Melnyk,25,NYR,D,46,1,8,9,2,65,2.5,1,0,0,0,7,1,0,33,3.0,,,melnyla01
390,Larry Melnyk,25,EDM,D,6,2,3,5,8,11,0.9,2,0,0,0,3,0,0,4,50.0,,,melnyla01
391,Barry Melrose,29,DET,D,14,0,0,0,-5,70,0.1,0,0,0,0,0,0,0,2,0.0,,,melroba01
392,Glenn Merkosky,26,DET,C,17,0,2,2,-12,0,-0.6,0,0,0,0,2,0,0,18,0.0,,,merkogl01
393,Mark Messier*,25,EDM,C,63,35,49,84,35,70,6.7,20,10,5,7,33,13,3,198,17.7,,,messima01
394,Rick Middleton,32,BOS,RW,49,14,30,44,16,10,3.1,8,4,2,0,18,10,2,100,14.0,,,middlri01
395,Mike Milbury,33,BOS,D,22,2,5,7,1,102,1.5,2,0,0,0,5,0,0,12,16.7,,,milbumi01
396,Jay Miller,25,BOS,LW,46,3,0,3,-3,178,-0.9,3,0,0,0,0,0,0,21,14.3,,,milleja02
397,Kelly Miller,22,NYR,LW,74,13,20,33,3,52,1.4,12,0,1,3,20,0,0,111,11.7,,,milleke01
398,Carl Mokosak,23,PHI,LW,1,0,0,0,0,5,0.0,0,0,0,0,0,0,0,0,,,,mokosca01
399,Mike Moller,23,EDM,RW,1,0,0,0,0,0,0.0,0,0,0,0,0,0,0,2,0.0,,,mollemi01
400,Randy Moller,22,QUE,D,69,5,18,23,7,141,4.7,5,0,0,1,15,3,0,105,4.8,,,mollera01
401,Sergio Momesso,20,MTL,LW,24,8,7,15,-3,46,0.9,5,3,0,3,5,2,0,37,21.6,,,momesse01
402,Bob Mongrain,26,LAK,C,11,2,3,5,-3,2,0.1,2,0,0,0,3,0,0,10,20.0,,,mongrbo01
403,Ken Morrow,29,NYI,D,69,0,12,12,21,22,3.7,0,0,0,0,12,0,0,55,0.0,,,morroke01
404,Brian Mullen,23,WIN,LW,79,28,34,62,-19,38,3.8,15,13,0,3,18,16,0,211,13.3,,,mullebr01
405,Joe Mullen*,28,TOT,RW,77,44,46,90,-1,21,7.0,30,14,0,8,24,22,0,202,21.8,,,mullejo01
405,Joe Mullen*,28,STL,RW,48,28,24,52,-3,10,4.1,19,9,0,4,11,13,0,141,19.9,,,mullejo01
405,Joe Mullen*,28,CGY,RW,29,16,22,38,2,11,2.9,11,5,0,4,13,9,0,61,26.2,,,mullejo01
406,Kirk Muller,19,NJD,C,77,25,41,66,-21,45,3.6,19,5,1,1,34,7,0,168,14.9,,,mulleki01
407,Craig Muni,23,TOR,D,6,0,1,1,-3,4,0.1,0,0,0,0,1,0,0,2,0.0,,,municr01
408,Larry Murphy*,24,WSH,D,78,21,44,65,2,50,9.0,12,8,1,2,23,19,2,180,11.7,,,murphla01
409,Bob Murray,31,CBH,D,80,9,29,38,11,75,5.2,6,3,0,2,20,8,1,139,6.5,,,murrabo02
410,Troy Murray,23,CBH,C,80,45,54,99,32,94,8.5,31,9,5,7,39,14,1,196,23.0,,,murratr01
411,Dana Murzyn,19,HAR,D,78,3,23,26,0,125,4.4,3,0,0,1,20,3,0,80,3.8,,,murzyda01
412,Don Nachbaur,27,PHI,C,5,1,1,2,3,7,0.2,1,0,0,0,1,0,0,4,25.0,,,nachbdo01
413,Mark Napier,29,EDM,RW,80,24,32,56,13,14,2.9,20,3,1,4,28,4,0,117,20.5,,,napiema01
414,Mats Näslund,26,MTL,LW,80,43,67,110,11,16,8.9,24,19,0,7,36,31,0,225,19.1,,,nasluma01
415,Ric Nattress,23,STL,D,78,4,20,24,-8,52,4.2,3,1,0,2,12,8,0,124,3.2,,,nattrri01
416,Cam Neely*,20,VAN,RW,73,14,20,34,-29,126,1.0,8,6,0,3,16,4,0,113,12.4,,,neelyca01
417,Ray Neufeld,26,TOT,RW,76,25,38,63,-22,102,3.6,15,10,0,4,28,10,0,168,14.9,,,neufera01
417,Ray Neufeld,26,WIN,RW,60,20,28,48,-18,62,2.8,13,7,0,4,22,6,0,133,15.0,,,neufera01
417,Ray Neufeld,26,HAR,RW,16,5,10,15,-4,40,0.9,2,3,0,0,6,4,0,35,14.3,,,neufera01
418,John Newberry,23,HAR,C,3,0,0,0,-4,0,-0.2,0,0,0,0,0,0,0,4,0.0,,,newbejo01
419,Bernie Nicholls,24,LAK,C,80,36,61,97,-5,78,7.1,22,10,4,0,44,17,0,281,12.8,,,nichobe01
420,Kraig Nienhuis,24,BOS,LW,70,16,14,30,-10,37,1.1,13,3,0,2,12,2,0,120,13.3,,,nienhkr01
421,Chris Nilan,27,MTL,RW,72,19,15,34,11,274,2.2,17,2,0,1,14,1,0,120,15.8,,,nilanch01
422,Jim Nill,27,WIN,RW,61,6,8,14,-6,75,-0.3,6,0,0,1,7,0,1,35,17.1,,,nillji01
423,Kent Nilsson,29,MNS,C,61,16,44,60,3,10,3.7,8,8,0,2,22,21,1,122,13.1,,,nilsske01
424,Ted Nolan,27,PIT,C,18,1,1,2,-1,34,-0.3,1,0,0,0,1,0,0,17,5.9,,,nolante01
425,Lee Norwood,25,STL,D,71,5,24,29,4,134,5.0,3,2,0,1,13,11,0,112,4.5,,,norwole01
426,Gary Nylund,22,TOR,D,79,2,16,18,-33,180,1.5,2,0,0,0,15,1,0,84,2.4,,,nylunga01
427,Bob Nystrom,33,NYI,RW,14,1,1,2,-4,16,-0.3,0,1,0,0,1,0,0,17,5.9,,,nystrbo01
428,Jack O'Callahan,28,CBH,D,80,4,19,23,2,116,3.3,4,0,0,0,17,0,2,86,4.7,,,ocallja01
429,Mike O'Connell,30,TOT,D,76,9,28,37,-12,63,5.2,3,4,2,0,13,14,1,210,4.3,,,oconnmi01
429,Mike O'Connell,30,BOS,D,63,8,21,29,-6,47,4.5,3,4,1,0,11,9,1,174,4.6,,,oconnmi01
429,Mike O'Connell,30,DET,D,13,1,7,8,-6,16,0.7,0,0,1,0,2,5,0,36,2.8,,,oconnmi01
430,Tom O'Regan,24,PIT,C,9,1,2,3,1,2,0.1,1,0,0,0,2,0,0,7,14.3,,,oregato01
431,Adam Oates*,23,DET,C,38,9,11,20,-25,10,0.5,8,1,0,1,8,3,0,49,18.4,,,oatesad01
432,Selmar Odelein,19,EDM,D,4,0,0,0,1,0,0.1,0,0,0,0,0,0,0,2,0.0,,,odelese01
433,John Ogrodnick,26,DET,LW,76,38,32,70,-29,18,5.0,22,15,1,2,18,14,0,208,18.3,,,ogrodjo01
434,Eddie Olczyk,19,CBH,RW,79,29,50,79,4,47,5.3,20,8,1,1,33,14,3,218,13.3,,,olczyed01
435,Gates Orlando,23,BUF,C,60,13,12,25,-6,29,1.0,10,1,2,1,11,1,0,70,18.6,,,orlanga01
436,Mark Osborne,24,NYR,LW,62,16,24,40,5,80,2.4,10,5,1,1,17,6,1,134,11.9,,,osborma01
437,Joel Otto,24,CGY,C,79,25,34,59,25,188,4.1,16,9,0,2,24,10,0,147,17.0,,,ottojo01
438,Wilf Paiement,30,TOT,RW,52,8,18,26,2,158,1.1,6,2,0,0,15,3,0,89,9.0,,,paiemwi01
438,Wilf Paiement,30,QUE,RW,44,7,12,19,0,145,0.7,5,2,0,0,10,2,0,75,9.3,,,paiemwi01
438,Wilf Paiement,30,NYR,RW,8,1,6,7,2,13,0.4,1,0,0,0,5,1,0,14,7.1,,,paiemwi01
439,Dave Pasin,19,BOS,RW,71,18,19,37,-1,50,1.9,14,4,0,3,14,5,0,116,15.5,,,pasinda01
440,Greg Paslawski,24,STL,RW,56,22,11,33,-9,18,2.1,20,1,1,3,6,5,0,151,14.6,,,paslagr01
441,Joe Paterson,25,TOT,LW,52,9,18,27,-4,165,1.1,7,2,0,1,13,5,0,77,11.7,,,paterjo01
441,Joe Paterson,25,LAK,LW,47,9,18,27,-6,153,1.2,7,2,0,1,13,5,0,75,12.0,,,paterjo01
441,Joe Paterson,25,PHI,LW,5,0,0,0,2,12,-0.1,0,0,0,0,0,0,0,4,0.0,,,paterjo01
442,Mark Paterson,21,HAR,D,5,0,0,0,-5,5,-0.1,0,0,0,0,0,0,0,0,,,,paterma01
443,Rick Paterson,27,CBH,C,70,9,3,12,-1,24,-0.7,4,0,5,0,3,0,0,36,25.0,,,paterri01
444,James Patrick,22,NYR,D,75,14,29,43,12,88,7.3,11,2,1,1,15,14,0,131,10.7,,,patrija01
445,Steve Patrick,24,TOT,RW,55,8,16,24,-6,54,0.7,7,1,0,0,12,4,0,49,16.3,,,patrist01
445,Steve Patrick,24,NYR,RW,28,4,3,7,-7,37,-0.1,4,0,0,0,3,0,0,20,20.0,,,patrist01
445,Steve Patrick,24,QUE,RW,27,4,13,17,1,17,0.8,3,1,0,0,9,4,0,29,13.8,,,patrist01
446,Colin Patterson,25,CGY,RW,61,14,13,27,8,22,1.2,14,0,0,1,12,0,1,84,16.7,,,patteco01
447,Mark Pavelich,27,NYR,C,59,20,20,40,-3,82,2.6,12,8,0,3,11,9,0,104,19.2,,,pavelma02
448,Jim Pavese,23,STL,D,69,4,7,11,-2,116,3.3,3,1,0,0,6,1,0,51,7.8,,,pavesji01
449,Steve Payne,27,MNS,LW,22,8,4,12,1,8,0.8,5,3,0,2,2,2,0,60,13.3,,,paynest01
450,Barry Pederson,24,BOS,C,79,29,47,76,17,60,5.6,17,12,0,6,27,20,0,192,15.1,,,pederba01
451,Jim Peplinski,25,CGY,LW,77,24,35,59,30,214,4.2,23,0,1,3,35,0,0,161,14.9,,,pepliji01
452,Gilbert Perreault*,35,BUF,C,72,21,39,60,-10,28,3.6,15,5,1,3,29,10,0,164,12.8,,,perregi01
453,Stefan Persson,31,NYI,D,56,1,19,20,-2,40,2.8,0,1,0,0,14,5,0,46,2.2,,,perssst01
454,Brent Peterson,27,VAN,C,77,8,23,31,-8,94,0.8,5,0,3,2,17,6,0,86,9.3,,,peterbr01
455,Michel Petit,21,VAN,D,32,1,6,7,-6,27,1.5,0,1,0,0,3,3,0,43,2.3,,,petitmi01
456,Jörgen Pettersson,29,TOT,LW,70,13,21,34,-15,12,1.1,9,4,0,3,14,7,0,99,13.1,,,pettejo01
456,Jörgen Pettersson,29,WSH,LW,47,8,16,24,-4,10,0.9,6,2,0,3,12,4,0,74,10.8,,,pettejo01
456,Jörgen Pettersson,29,HAR,LW,23,5,5,10,-11,2,0.1,3,2,0,0,2,3,0,27,18.5,,,pettejo01
457,Lyle Phair,24,LAK,LW,15,0,1,1,-12,2,-0.6,0,0,0,0,1,0,0,11,0.0,,,phairly01
458,Robert Picard,28,TOT,D,68,9,32,41,-5,53,5.4,7,1,1,1,16,16,0,171,5.3,,,picarro02
458,Robert Picard,28,QUE,D,48,7,27,34,-2,36,4.4,5,1,1,0,11,16,0,131,5.3,,,picarro02
458,Robert Picard,28,WIN,D,20,2,5,7,-3,17,1.0,2,0,0,1,5,0,0,40,5.0,,,picarro02
459,Dave Pichette,25,NJD,D,33,7,12,19,-11,22,2.0,3,4,0,1,3,9,0,59,11.9,,,picheda01
460,Larry Playfair,27,TOT,D,61,1,3,4,-22,128,1.2,1,0,0,0,3,0,0,40,2.5,,,playfla01
460,Larry Playfair,27,BUF,D,47,1,2,3,-8,100,1.6,1,0,0,0,2,0,0,34,2.9,,,playfla01
460,Larry Playfair,27,LAK,D,14,0,1,1,-14,28,-0.3,0,0,0,0,1,0,0,6,0.0,,,playfla01
461,Willi Plett,30,MNS,RW,59,10,7,17,-22,231,-0.3,6,4,0,0,7,0,0,72,13.9,,,plettwi01
462,Walt Poddubny,25,TOR,LW,33,12,22,34,6,25,2.5,7,5,0,1,15,7,0,76,15.8,,,podduwa01
463,Paul Pooley,25,WIN,C,3,0,1,1,1,0,0.0,0,0,0,0,1,0,0,2,0.0,,,poolepa01
464,Victor Posa,19,CBH,LW,2,0,0,0,0,2,-0.1,0,0,0,0,0,0,0,1,0.0,,,posavi01
465,Mike Posavad,22,STL,D,6,0,0,0,-1,0,0.2,0,0,0,0,0,0,0,2,0.0,,,posavmi01
466,Denis Potvin*,32,NYI,D,74,21,38,59,34,78,9.2,12,8,1,4,26,12,0,168,12.5,,,potvide01
467,Daniel Poudrier,21,QUE,D,13,1,5,6,2,10,1.0,1,0,0,1,5,0,0,6,16.7,,,poudrda01
468,Dave Poulin,27,PHI,C,79,27,42,69,21,49,5.0,19,2,6,2,31,7,4,181,14.9,,,poulida02
469,Wayne Presley,20,CBH,RW,38,7,8,15,-4,38,0.3,7,0,0,1,8,0,0,56,12.5,,,preslwa01
470,Rich Preston,33,NJD,RW,76,19,22,41,3,65,2.1,16,3,0,2,16,6,0,118,16.1,,,prestri01
471,Pat Price,30,QUE,D,54,3,13,16,1,82,3.2,3,0,0,0,11,2,0,49,6.1,,,pricepa01
472,Bob Probert,20,DET,LW,44,8,13,21,-14,186,0.6,5,3,0,0,9,4,0,46,17.4,,,probebo01
473,Brian Propp,26,PHI,LW,72,40,57,97,22,47,8.0,27,11,2,5,26,25,6,317,12.6,,,proppbr01
474,Chris Pryor,25,MNS,D,7,0,1,1,-1,0,0.2,0,0,0,0,1,0,0,8,0.0,,,pryorch01
475,Joel Quenneville,27,HAR,D,71,5,20,25,23,83,5.4,4,1,0,1,17,0,3,49,10.2,,,quennjo01
476,Dan Quinn,20,CGY,C,78,30,42,72,-11,44,4.4,10,17,3,3,22,19,1,191,15.7,,,quinnda01
477,Herb Raglan,18,STL,RW,7,0,0,0,-3,5,-0.3,0,0,0,0,0,0,0,4,0.0,,,raglahe01
478,Rob Ramage,27,STL,D,77,10,56,66,19,171,8.8,3,7,0,2,31,25,0,228,4.4,,,ramagro01
479,Mike Ramsey,25,BUF,D,76,7,21,28,4,117,5.4,6,1,0,1,16,5,0,154,4.5,,,ramsemi01
480,Craig Redmond,20,LAK,D,73,6,18,24,-34,57,2.1,3,3,0,0,11,6,1,116,5.2,,,redmocr01
481,Mark Reeds,26,STL,RW,78,10,28,38,13,28,1.6,10,0,0,2,27,1,0,108,9.3,,,reedsma01
482,Joe Reekie,20,BUF,D,3,0,0,0,-2,14,0.0,0,0,0,0,0,0,0,1,0.0,,,reekijo01
483,Dave Reid,21,BOS,LW,37,10,10,20,2,10,1.2,6,4,0,1,5,5,0,53,18.9,,,reidda02
484,Paul Reinhart,26,CGY,D,32,8,25,33,8,15,3.9,4,4,0,2,13,12,0,58,13.8,,,reinhpa01
485,Stéphane Richer,19,MTL,C,65,21,16,37,1,50,2.4,16,5,0,2,9,7,0,112,18.8,,,richest02
486,Steve Richmond,26,TOT,D,46,1,4,5,-15,145,1.1,1,0,0,0,4,0,0,26,3.8,,,richmst01
486,Steve Richmond,26,DET,D,29,1,2,3,-17,82,0.2,1,0,0,0,2,0,0,18,5.6,,,richmst01
486,Steve Richmond,26,NYR,D,17,0,2,2,2,63,0.9,0,0,0,0,2,0,0,8,0.0,,,richmst01
487,Dave Richter,25,TOT,D,64,0,5,5,-7,167,2.2,0,0,0,0,5,0,0,22,0.0,,,richtda01
487,Dave Richter,25,PHI,D,50,0,2,2,-1,138,1.9,0,0,0,0,2,0,0,17,0.0,,,richtda01
487,Dave Richter,25,MNS,D,14,0,3,3,-6,29,0.3,0,0,0,0,3,0,0,5,0.0,,,richtda01
488,Mike Ridley,22,NYR,C,80,22,43,65,-1,69,4.0,15,7,0,6,29,14,0,150,14.7,,,ridlemi01
489,Doug Risebrough,32,CGY,C,62,15,28,43,22,169,2.7,12,0,3,1,28,0,0,92,16.3,,,risebdo01
490,Gordie Roberts,28,MNS,D,76,2,21,23,17,101,4.7,2,0,0,0,21,0,0,66,3.0,,,robergo02
491,Torrie Robertson,24,HAR,LW,76,13,24,37,-11,358,1.2,10,3,0,0,20,4,0,87,14.9,,,roberto01
492,Larry Robinson*,34,MTL,D,78,19,63,82,25,39,11.3,9,10,0,1,31,32,0,167,11.4,,,robinla01
493,Normand Rochefort,25,QUE,D,26,5,4,9,10,30,2.4,3,2,0,0,3,1,0,51,9.8,,,rocheno01
494,Mike Rogers,31,TOT,C,17,2,3,5,0,2,0.0,1,1,0,1,2,1,0,25,8.0,,,rogermi01
494,Mike Rogers,31,NYR,C,9,1,3,4,2,2,0.2,0,1,0,1,2,1,0,20,5.0,,,rogermi01
494,Mike Rogers,31,EDM,C,8,1,0,1,-2,0,-0.2,1,0,0,0,0,0,0,5,20.0,,,rogermi01
495,Steve Rooney,23,MTL,LW,38,2,3,5,-4,114,-0.6,1,1,0,0,3,0,0,24,8.3,,,roonest01
496,Bill Root,26,TOR,D,27,0,1,1,-8,29,0.3,0,0,0,0,0,1,0,34,0.0,,,rootbi01
497,Tom Roulston,28,PIT,RW,5,0,0,0,-2,2,-0.2,0,0,0,0,0,0,0,6,0.0,,,roulsto01
498,Bob Rouse,21,MNS,D,75,1,14,15,17,151,4.1,1,0,0,1,13,0,1,91,1.1,,,rousebo01
499,Mike Rowe,20,PIT,D,3,0,0,0,-1,4,0.1,0,0,0,0,0,0,0,5,0.0,,,rowemi01
500,Lindy Ruff,25,BUF,LW,54,20,12,32,8,158,2.5,14,5,1,4,9,3,0,131,15.3,,,ruffli01
501,Reijo Ruotsalainen,25,NYR,D,80,17,42,59,22,47,9.3,11,6,0,2,25,17,0,229,7.4,,,ruotsre01
502,Terry Ruskowski,31,PIT,LW,72,26,37,63,9,162,4.6,15,11,0,7,25,12,0,92,28.3,,,ruskote01
503,Phil Russell,33,TOT,D,42,4,6,10,-25,63,0.8,4,0,0,0,6,0,0,37,10.8,,,russeph01
503,Phil Russell,33,NJD,D,30,2,3,5,-17,51,0.3,2,0,0,0,3,0,0,22,9.1,,,russeph01
503,Phil Russell,33,BUF,D,12,2,3,5,-8,12,0.5,2,0,0,0,3,0,0,15,13.3,,,russeph01
504,Börje Salming*,34,TOR,D,41,7,15,22,-6,48,2.7,3,3,1,1,6,9,0,72,9.7,,,salmibo01
505,Gary Sampson,26,WSH,LW,19,1,4,5,-3,2,-0.1,1,0,0,1,3,1,0,17,5.9,,,sampsga01
506,Kjell Samuelsson,27,NYR,D,9,0,0,0,-1,10,0.3,0,0,0,0,0,0,0,7,0.0,,,samuekj01
507,Ulf Samuelsson,21,HAR,D,80,5,19,24,8,174,4.8,4,0,1,1,15,4,0,72,6.9,,,samueul01
508,Jim Sandlak,19,VAN,RW,23,1,3,4,-3,10,-0.2,1,0,0,0,2,1,0,34,2.9,,,sandlji01
509,Tomas Sandström,21,NYR,RW,73,25,29,54,-3,109,3.5,15,8,2,1,12,17,0,238,10.5,,,sandsto01
510,J.F. Sauvé,26,QUE,C,75,16,40,56,-13,20,2.7,3,13,0,1,4,36,0,100,16.0,,,sauveje01
511,Denis Savard*,24,CBH,C,80,47,69,116,10,111,9.2,32,14,1,8,43,25,1,281,16.7,,,savarde01
512,Norm Schmidt,23,PIT,D,66,15,14,29,7,57,5.7,12,3,0,0,10,3,1,141,10.6,,,schmino01
513,Dwight Schofield,29,WSH,D,50,1,2,3,6,127,2.5,1,0,0,0,2,0,0,13,7.7,,,schofdw01
514,Rod Schutt,29,TOR,LW,6,0,0,0,-2,0,-0.2,0,0,0,0,0,0,0,2,0.0,,,schutro01
515,Al Secord,27,CBH,LW,80,40,36,76,10,201,5.9,28,12,0,3,19,17,0,210,19.0,,,secoral01
516,Ric Seiling,28,BUF,RW,69,12,13,25,-5,74,0.8,12,0,0,1,8,2,3,85,14.1,,,seiliri01
517,Dave Semenko,28,EDM,LW,69,6,12,18,-2,141,-0.9,6,0,0,0,12,0,0,51,11.8,,,semenda01
518,Brad Shaw,21,HAR,D,8,0,2,2,-1,4,0.3,0,0,0,0,0,2,0,17,0.0,,,shawbr01
519,David Shaw,21,QUE,D,73,7,19,26,13,78,5.5,5,2,0,2,15,3,1,128,5.5,,,shawda01
520,Doug Shedden,24,TOT,RW,78,34,37,71,-10,34,5.1,13,21,0,5,22,15,0,212,16.0,,,shedddo01
520,Doug Shedden,24,PIT,RW,67,32,34,66,-9,32,4.9,13,19,0,5,20,14,0,179,17.9,,,shedddo01
520,Doug Shedden,24,DET,RW,11,2,3,5,-1,2,0.2,0,2,0,0,2,1,0,33,6.1,,,shedddo01
521,Neil Sheehy,25,CGY,D,65,2,16,18,0,271,2.6,1,1,0,0,15,0,1,59,3.4,,,sheehne01
522,Gord Sherven,22,TOT,C,18,1,3,4,1,15,-0.2,1,0,0,0,2,0,1,14,7.1,,,shervgo01
522,Gord Sherven,22,MNS,C,13,0,2,2,1,11,-0.2,0,0,0,0,1,0,1,8,0.0,,,shervgo01
522,Gord Sherven,22,EDM,C,5,1,1,2,0,4,0.0,1,0,0,0,1,0,0,6,16.7,,,shervgo01
523,Dave Silk,28,WIN,RW,32,2,4,6,-6,63,-0.4,2,0,0,1,4,0,0,30,6.7,,,silkda01
524,Risto Siltanen,27,TOT,D,65,10,27,37,-2,36,5.2,2,8,0,1,11,16,0,179,5.6,,,siltari01
524,Risto Siltanen,27,HAR,D,52,8,22,30,-1,30,4.1,2,6,0,1,7,15,0,126,6.3,,,siltari01
524,Risto Siltanen,27,QUE,D,13,2,5,7,-1,6,1.0,0,2,0,0,4,1,0,53,3.8,,,siltari01
525,Charlie Simmer,31,BOS,LW,55,36,24,60,13,42,5.5,22,14,0,5,16,8,0,141,25.5,,,simmech01
526,Frank Simonetti,23,BOS,D,17,1,0,1,-1,14,0.7,1,0,0,0,0,0,0,8,12.5,,,simonfr01
527,Craig Simpson,18,PIT,C,76,11,17,28,2,47,0.9,8,2,1,0,11,6,0,74,14.9,,,simpscr01
528,Ilkka Sinisalo,27,PHI,LW,74,39,37,76,16,31,6.3,19,19,1,7,24,13,0,184,21.2,,,sinisil01
529,Ville Sirén,21,PIT,D,60,4,8,12,-8,32,2.7,3,1,0,0,6,2,0,58,6.9,,,sirenvi01
530,Petri Skriko,23,VAN,LW,80,38,40,78,-18,34,5.9,25,12,1,2,22,14,4,191,19.9,,,skrikpe01
531,Brian Skrudland,22,MTL,C,65,9,13,22,2,57,0.6,7,0,2,0,13,0,0,62,14.5,,,skrudbr01
532,Louis Sleigher,27,BOS,RW,13,4,2,6,-4,20,0.2,4,0,0,1,1,1,0,18,22.2,,,sleiglo01
533,Doug Smail,28,WIN,LW,73,16,26,42,-10,32,2.0,12,1,3,4,20,3,3,150,10.7,,,smaildo01
534,Bobby Smith,27,MTL,C,79,31,55,86,10,57,6.4,26,5,0,7,38,17,0,202,15.3,,,smithbo01
535,Brad Smith,27,TOR,RW,42,5,17,22,-9,84,0.5,5,0,0,0,14,3,0,46,10.9,,,smithbr03
536,Derrick Smith,21,PHI,LW,69,6,6,12,14,57,-0.2,6,0,0,2,6,0,0,107,5.6,,,smithde04
537,Doug Smith,22,TOT,C,78,18,20,38,-27,129,1.3,12,4,2,3,15,4,1,187,9.6,,,smithdo03
537,Doug Smith,22,LAK,C,48,8,9,17,-29,56,-0.2,6,1,1,0,8,1,0,115,7.0,,,smithdo03
537,Doug Smith,22,BUF,C,30,10,11,21,2,73,1.5,6,3,1,3,7,3,1,72,13.9,,,smithdo03
538,Greg Smith,30,TOT,D,76,5,22,27,-6,94,4.2,5,0,0,0,18,4,0,59,8.5,,,smithgr01
538,Greg Smith,30,DET,D,62,5,19,24,-9,84,3.3,5,0,0,0,16,3,0,53,9.4,,,smithgr01
538,Greg Smith,30,WSH,D,14,0,3,3,3,10,0.9,0,0,0,0,2,1,0,6,0.0,,,smithgr01
539,Randy Smith,20,MNS,C,1,0,0,0,0,0,0.0,0,0,0,0,0,0,0,0,,,,smithra01
540,Steve Smith,22,EDM,D,55,4,20,24,28,166,3.6,3,1,0,1,15,4,1,74,5.4,,,smithst05
541,Steve Smith,22,PHI,D,2,0,0,0,0,2,0.1,0,0,0,0,0,0,0,1,0.0,,,smithst04
542,Stan Smyl,28,VAN,RW,73,27,35,62,-21,144,4.1,20,3,4,1,23,10,2,165,16.4,,,smylst01
543,Harold Snepsts,31,DET,D,35,0,6,6,-7,75,1.0,0,0,0,0,6,0,0,12,0.0,,,snepsha01
544,Ken Solheim,24,EDM,LW,6,1,0,1,-2,5,-0.1,1,0,0,0,0,0,0,8,12.5,,,solheke01
545,Ted Speers,25,DET,C,4,1,1,2,2,0,0.2,1,0,0,0,1,0,0,6,16.7,,,speerte01
546,Daryl Stanley,23,PHI,D,33,0,2,2,-5,69,1.1,0,0,0,0,2,0,0,7,0.0,,,stanlda01
547,Anton Šťastný,26,QUE,RW,74,31,43,74,6,19,5.4,23,8,0,4,29,14,0,163,19.0,,,stastan01
548,Marián Šťastný,33,TOR,RW,70,23,30,53,-8,21,3.2,16,7,0,0,24,6,0,132,17.4,,,stastma01
549,Peter Šťastný*,29,QUE,C,76,41,81,122,2,60,9.2,26,15,0,8,41,40,0,207,19.8,,,stastpe01
550,Ray Staszak,23,DET,RW,4,0,1,1,-3,7,-0.1,0,0,0,0,1,0,0,9,0.0,,,staszra01
551,Thomas Steen,25,WIN,C,78,17,47,64,-29,76,3.0,12,2,3,1,32,14,1,195,8.7,,,steenth01
552,Scott Stevens*,21,WSH,D,73,15,38,53,0,165,7.5,12,3,0,2,27,10,1,121,12.4,,,stevesc01
553,Allan Stewart,22,NJD,LW,4,0,0,0,-1,21,-0.1,0,0,0,0,0,0,0,0,,,,stewaal01
554,Bill Stewart,28,MNS,D,8,0,2,2,2,13,0.5,0,0,0,0,2,0,0,3,0.0,,,stewabi01
555,Ryan Stewart,18,WIN,RW,3,1,0,1,0,0,0.1,1,0,0,0,0,0,0,5,20.0,,,stewary01
556,Trevor Stienburg,19,QUE,RW,2,1,0,1,0,0,0.1,1,0,0,0,0,0,0,6,16.7,,,stientr01
557,Mike Stothers,23,PHI,D,6,0,1,1,1,6,0.3,0,0,0,0,1,0,0,1,0.0,,,stothmi01
558,Doug Sulliman,26,NJD,RW,73,21,22,43,-11,20,2.1,14,6,1,5,17,5,0,139,15.1,,,sullido01
559,Raimo Summanen,23,EDM,LW,73,19,18,37,9,16,1.4,18,1,0,4,17,1,0,83,22.9,,,summara01
560,Patrik Sundström,24,VAN,C,79,18,48,66,-10,28,3.9,11,6,1,0,29,18,1,154,11.7,,,sundspa01
561,Peter Sundström,24,NYR,LW,53,8,15,23,7,12,1.0,8,0,0,1,15,0,0,63,12.7,,,sundspe01
562,Gary Suter,21,CGY,D,80,18,50,68,11,141,8.0,9,9,0,4,19,30,1,195,9.2,,,suterga01
563,Brent Sutter,23,NYI,C,61,24,31,55,11,74,3.9,14,10,0,2,26,5,0,135,17.8,,,suttebr02
564,Brian Sutter,29,STL,LW,44,19,23,42,-7,87,2.8,11,8,0,1,18,5,0,92,20.7,,,suttebr01
565,Darryl Sutter,27,CBH,LW,50,17,10,27,-15,42,1.2,14,3,0,2,8,2,0,89,19.1,,,sutteda01
566,Duane Sutter,25,NYI,RW,80,20,33,53,14,157,3.0,16,4,0,1,28,5,0,151,13.2,,,suttedu01
567,Rich Sutter,22,PHI,RW,78,14,25,39,29,199,2.3,14,0,0,2,25,0,0,123,11.4,,,sutteri01
568,Ron Sutter,22,PHI,C,75,18,42,60,27,159,4.0,18,0,0,4,38,2,2,146,12.3,,,suttero01
569,Petr Svoboda,19,MTL,D,73,1,18,19,24,93,5.4,1,0,0,0,14,4,0,60,1.7,,,svobope01
570,Phil Sykes,26,LAK,LW,76,20,24,44,-26,97,1.9,17,1,2,4,18,5,1,132,15.2,,,sykesph01
571,Peter Taglianetti,22,WIN,D,18,0,0,0,0,48,0.5,0,0,0,0,0,0,0,8,0.0,,,taglipe01
572,Steve Tambellini,27,VAN,C,48,15,15,30,-17,12,1.7,9,6,0,2,9,6,0,89,16.9,,,tambest01
573,Tony Tanti,22,VAN,RW,77,39,33,72,-8,85,5.9,22,17,0,5,16,16,1,213,18.3,,,tantito01
574,Dave Taylor,30,LAK,RW,76,33,38,71,-15,110,4.9,22,11,0,1,28,10,0,204,16.2,,,tayloda01
575,Mark Taylor,28,WSH,C,30,2,1,3,-4,4,-0.5,2,0,0,0,1,0,0,23,8.7,,,tayloma01
576,Greg Terrion,25,TOR,LW,76,10,22,32,-5,31,0.8,8,0,2,1,21,0,1,105,9.5,,,terrigr01
577,Mats Thelin,24,BOS,D,31,2,3,5,2,29,1.7,1,1,0,0,3,0,0,29,6.9,,,thelima01
578,Michael Thelvén,25,BOS,D,60,6,20,26,7,48,4.7,5,1,0,0,8,11,1,108,5.6,,,thelvmi01
579,Steve Thomas,22,TOR,LW,65,20,37,57,-15,36,3.3,15,5,0,5,31,6,0,197,10.2,,,thomast01
580,Esa Tikkanen,21,EDM,LW,35,7,6,13,6,28,0.2,7,0,0,2,5,1,0,47,14.9,,,tikkaes01
581,Dave Tippett,24,HAR,LW,80,14,20,34,10,18,1.5,12,0,2,1,17,0,3,117,12.0,,,tippeda01
582,Rick Tocchet,21,PHI,RW,69,14,21,35,14,284,1.9,11,3,0,1,19,2,0,109,12.8,,,tocchri01
583,John Tonelli,28,TOT,LW,74,23,45,68,21,60,4.6,19,4,0,2,30,15,0,157,14.6,,,toneljo01
583,John Tonelli,28,NYI,LW,65,20,41,61,22,50,4.2,17,3,0,1,26,15,0,139,14.4,,,toneljo01
583,John Tonelli,28,CGY,LW,9,3,4,7,-1,10,0.4,2,1,0,1,4,0,0,18,16.7,,,toneljo01
584,Mario Tremblay,29,MTL,RW,56,19,20,39,4,55,2.7,16,3,0,3,16,4,0,119,16.0,,,trembma02
585,Bryan Trottier*,29,NYI,C,78,37,59,96,30,72,7.6,31,5,1,3,35,24,0,185,20.0,,,trottbr01
586,John Tucker,21,BUF,C,75,31,34,65,1,39,4.9,23,8,0,4,19,15,0,146,21.2,,,tuckejo01
587,Allan Tuer,22,LAK,D,45,0,1,1,-16,150,0.3,0,0,0,0,1,0,0,16,0.0,,,tueral01
588,Alfie Turcotte,20,MTL,C,2,0,0,0,0,2,-0.1,0,0,0,0,0,0,0,0,,,,turcoal01
589,Sylvain Turgeon,21,HAR,LW,76,45,34,79,1,88,6.6,32,13,0,5,20,14,0,249,18.1,,,turgesy01
590,Perry Turnbull,26,WIN,LW,80,20,31,51,-19,183,2.5,14,6,0,2,27,3,1,167,12.0,,,turnbpe01
591,Rick Vaive,26,TOR,RW,61,33,31,64,-18,85,4.7,21,12,0,1,24,6,1,226,14.6,,,vaiveri01
592,Darren Veitch,25,TOT,D,75,3,14,17,12,29,4.7,3,0,0,0,12,1,1,104,2.9,,,veitcda01
592,Darren Veitch,25,WSH,D,62,3,9,12,21,27,4.5,3,0,0,0,9,0,0,82,3.7,,,veitcda01
592,Darren Veitch,25,DET,D,13,0,5,5,-9,2,0.2,0,0,0,0,3,1,1,22,0.0,,,veitcda01
593,Randy Velischek,23,NJD,D,47,2,7,9,-20,39,0.8,2,0,0,0,7,0,0,24,8.3,,,velisra01
594,Pat Verbeek,21,NJD,C,76,25,27,52,-25,79,2.6,20,4,1,0,19,7,1,159,15.7,,,verbepa01
595,Hannu Virta,22,BUF,D,47,5,23,28,2,16,4.1,4,1,0,0,13,10,0,81,6.2,,,virtaha01
596,Emanuel Viveiros,20,MNS,D,4,0,1,1,2,0,0.3,0,0,0,0,1,0,0,4,0.0,,,viveiem01
597,Ryan Walter,27,MTL,LW,69,15,34,49,-9,45,2.5,6,9,0,1,19,15,0,115,13.0,,,waltery01
598,Bill Watson,21,CBH,RW,52,8,16,24,-4,2,0.6,6,2,0,0,12,4,0,67,11.9,,,watsobi01
599,Tim Watters,26,WIN,D,56,6,8,14,-9,97,2.5,6,0,0,0,7,1,0,37,16.2,,,watteti01
600,Jay Wells,26,LAK,D,79,11,31,42,5,226,5.8,7,4,0,2,21,9,1,113,9.7,,,wellsja01
601,Blake Wesley,26,TOR,D,27,0,1,1,-2,21,0.6,0,0,0,0,1,0,0,11,0.0,,,weslebl01
602,Rob Whistle,24,NYR,D,32,4,2,6,-1,10,1.8,3,1,0,1,1,1,0,30,13.3,,,whistro01
603,Doug Wickenheiser,24,STL,C,36,8,11,19,11,16,1.2,8,0,0,2,8,0,3,53,15.1,,,wickedo01
604,Jim Wiemer,25,NYR,D,7,3,0,3,0,2,0.7,3,0,0,1,0,0,0,22,13.6,,,wiemeji01
605,Brian Wilks,19,LAK,C,43,4,8,12,-7,25,-0.2,4,0,0,0,8,0,0,31,12.9,,,wilksbr01
606,Tiger Williams,31,LAK,LW,72,20,29,49,-7,320,2.8,15,5,0,1,24,5,0,136,14.7,,,williti01
607,Behn Wilson,27,CBH,D,69,13,38,51,-6,113,5.3,3,10,0,6,25,12,1,138,9.4,,,wilsobe02
608,Carey Wilson,23,CGY,C,76,29,29,58,2,24,3.8,24,5,0,2,22,7,0,149,19.5,,,wilsoca01
609,Doug Wilson*,28,CBH,D,79,17,47,64,25,80,8.3,14,3,0,2,30,17,0,243,7.0,,,wilsodo01
610,Rik Wilson,23,TOT,D,34,0,4,4,-5,48,1.1,0,0,0,0,3,1,0,48,0.0,,,wilsori02
610,Rik Wilson,23,STL,D,32,0,4,4,-7,48,1.0,0,0,0,0,3,1,0,45,0.0,,,wilsori02
610,Rik Wilson,23,CGY,D,2,0,0,0,2,0,0.1,0,0,0,0,0,0,0,3,0.0,,,wilsori02
611,Ron Wilson,29,WIN,C,54,6,7,13,-3,16,-0.1,4,0,2,0,7,0,0,64,9.4,,,wilsoro03
612,Ron Wilson,30,MNS,LW,11,1,3,4,-2,8,0.0,0,1,0,0,0,3,0,21,4.8,,,wilsoro02
613,Craig Wolanin,18,NJD,D,44,2,16,18,-7,74,2.0,2,0,0,1,14,2,0,45,4.4,,,wolancr01
614,Ken Yaremchuk,22,CBH,RW,78,14,20,34,-15,43,0.6,14,0,0,2,20,0,0,81,17.3,,,yaremke01
615,Warren Young,30,DET,LW,79,22,24,46,-33,161,2.0,13,9,0,1,16,8,0,92,23.9,,,youngwa01
616,Steve Yzerman*,20,DET,C,51,14,28,42,-22,16,2.1,11,3,0,3,13,15,0,132,10.6,,,yzermst01
617,Peter Zezel,20,PHI,C,79,17,37,54,27,76,3.5,13,4,0,4,24,11,2,146,11.6,,,zezelpe01
618,Rick Zombo,22,DET,D,14,0,1,1,-10,16,-0.1,0,0,0,0,1,0,0,8,0.0,,,zombori01
619,Mike Zuke,31,HAR,C,17,0,2,2,-2,12,-0.4,0,0,0,0,2,0,0,4,0.0,,,zukemi01